"","Mode","ORegionDAT","DRegionDAT","yw","sanitized_cost","prcp","tavg","tmax","tmin"
"1","R","CA_FRS","IL_CHI",2017 W01,1.56540082001864,0.308793103448276,49.4285714285714,56.8571428571429,42.7142857142857
"2","R","CA_FRS","IL_CHI",2017 W02,1.5744805359508,0.35734375,49.8571428571429,53.1428571428571,45.4285714285714
"3","R","CA_FRS","IL_CHI",2017 W03,1.54726662934962,0.238032786885246,47.7142857142857,54.8571428571429,40.7142857142857
"4","R","CA_FRS","IL_CHI",2017 W04,1.49016513358857,0.0780701754385965,44.7142857142857,55.8571428571429,34.4285714285714
"5","R","CA_FRS","IL_CHI",2017 W05,1.46279956708675,0.114576271186441,53.4285714285714,63.8571428571429,44.2857142857143
"6","R","CA_FRS","IL_CHI",2017 W06,1.45009329533344,0.175692307692308,57,61.8571428571429,51.7142857142857
"7","R","CA_FRS","IL_CHI",2017 W07,1.42031681681231,0.173214285714286,55,63.5714285714286,47.1428571428571
"8","R","CA_FRS","IL_CHI",2017 W08,1.52052067467133,0.127796610169492,50.1428571428571,59,40.8571428571429
"9","R","CA_FRS","IL_CHI",2017 W09,1.4028815143076,0.0311666666666667,51.5714285714286,62.8571428571429,39.2857142857143
"10","R","CA_FRS","IL_CHI",2017 W10,1.44190512675875,0.0494444444444444,55.2857142857143,69,43.5714285714286
"11","R","CA_FRS","IL_CHI",2017 W11,1.4657056851083,0,66.5714285714286,80.8571428571429,53.1428571428571
"12","R","CA_FRS","IL_CHI",2017 W12,1.4619920179992,0.116865671641791,58.1428571428571,66.4285714285714,50.5714285714286
"13","R","CA_FRS","IL_CHI",2017 W13,1.47395048017498,0.0095,59.1428571428571,71.2857142857143,47.4285714285714
"14","R","CA_FRS","IL_CHI",2017 W14,1.57694828428873,0.179838709677419,61.2857142857143,71.5714285714286,49.4285714285714
"15","R","CA_FRS","IL_CHI",2017 W15,1.6565709884483,0.0858928571428571,59.2857142857143,72,47.7142857142857
"16","R","CA_FRS","IL_CHI",2017 W16,1.68542753600213,0.0725423728813559,62.7142857142857,74.1428571428571,52.7142857142857
"17","R","CA_FRS","IL_CHI",2017 W17,1.65701256690788,0,63.7142857142857,76.2857142857143,51.7142857142857
"18","R","CA_FRS","IL_CHI",2017 W18,1.61738171018344,0.0130909090909091,72.5714285714286,84.4285714285714,59.1428571428571
"19","R","CA_FRS","IL_CHI",2017 W19,1.72279317996248,0,66.1428571428571,78.5714285714286,54.2857142857143
"20","R","CA_FRS","IL_CHI",2017 W20,1.73428816175746,0,68.8571428571429,83.7142857142857,56
"21","R","CA_FRS","IL_CHI",2017 W21,1.95023088467082,0,75.2857142857143,88.2857142857143,60.5714285714286
"22","R","CA_FRS","IL_CHI",2017 W22,1.95148912733891,0.00313725490196078,76.1428571428571,89.7142857142857,62.8571428571429
"23","R","CA_FRS","IL_CHI",2017 W23,2.15364146282011,0,73.8571428571429,86.8571428571429,59.2857142857143
"24","R","CA_FRS","IL_CHI",2017 W24,2.04996519392843,0,77.1428571428571,92.5714285714286,63.2857142857143
"25","R","CA_FRS","IL_CHI",2017 W25,1.95108596182089,0,92.2857142857143,106.714285714286,77
"26","R","CA_FRS","IL_CHI",2017 W26,1.9309689183304,0,81.2857142857143,96.7142857142857,65.1428571428571
"27","R","CA_FRS","IL_CHI",2017 W27,1.94445683551885,0,87.4285714285714,103.142857142857,72.2857142857143
"28","R","CA_FRS","IL_CHI",2017 W28,1.84335882430107,0,87.5714285714286,103.142857142857,72.1428571428571
"29","R","CA_FRS","IL_CHI",2017 W29,1.83445567857199,0,85.5714285714286,100.714285714286,69.7142857142857
"30","R","CA_FRS","IL_CHI",2017 W30,1.84084767572103,0,87,101.714285714286,71.7142857142857
"31","R","CA_FRS","IL_CHI",2017 W31,1.78191362643213,0,88.8571428571429,101.571428571429,76.4285714285714
"32","R","CA_FRS","IL_CHI",2017 W32,1.771574049772,0,83.7142857142857,99.8571428571429,68.1428571428571
"33","R","CA_FRS","IL_CHI",2017 W33,NA,0,80.4285714285714,94.2857142857143,67.4285714285714
"34","R","CA_FRS","IL_CHI",2017 W34,1.723280357355,0,83.5714285714286,99.2857142857143,69.2857142857143
"35","R","CA_FRS","IL_CHI",2017 W35,1.75299822712162,0,90.7142857142857,106.571428571429,76.1428571428571
"36","R","CA_FRS","IL_CHI",2017 W36,1.7483999007448,0,83.1428571428571,95.8571428571429,71
"37","R","CA_FRS","IL_CHI",2017 W37,NA,0.0238461538461538,76.8571428571429,89.2857142857143,65.1428571428571
"38","R","CA_FRS","IL_CHI",2017 W38,1.77390013797981,0.0276923076923077,67.4285714285714,78.7142857142857,55.2857142857143
"39","R","CA_FRS","IL_CHI",2017 W39,1.77331146666714,0,73.2857142857143,87.8571428571429,59
"40","R","CA_FRS","IL_CHI",2017 W40,1.84511630096206,0.00102040816326531,66,80.2857142857143,51.2857142857143
"41","R","CA_FRS","IL_CHI",2017 W41,1.79318107286117,0,63.4285714285714,78.5714285714286,48.8571428571429
"42","R","CA_FRS","IL_CHI",2017 W42,1.73053760654093,0.0165384615384615,63.1428571428571,77,49.8571428571429
"43","R","CA_FRS","IL_CHI",2017 W43,1.71266184741764,0,68.7142857142857,86,54.8571428571429
"44","R","CA_FRS","IL_CHI",2017 W44,1.75533928060453,0.00557692307692308,60.2857142857143,67.5714285714286,51.2857142857143
"45","R","CA_FRS","IL_CHI",2017 W45,1.83067299413012,0,57.4285714285714,69.5714285714286,47
"46","R","CA_FRS","IL_CHI",2017 W46,2.01654178269767,0.0616666666666667,57.7142857142857,67.4285714285714,47.7142857142857
"47","R","CA_FRS","IL_CHI",2017 W47,1.89609045915672,0.000188679245283019,60,74,49.2857142857143
"48","R","CA_FRS","IL_CHI",2017 W48,1.89482321238047,0.0390740740740741,51.2857142857143,61.2857142857143,40.1428571428571
"49","R","CA_FRS","IL_CHI",2017 W49,1.96913641390126,0,45.8571428571429,61.7142857142857,33.5714285714286
"50","R","CA_FRS","IL_CHI",2017 W50,1.93405860000827,0,46.8571428571429,61,34.5714285714286
"51","R","CA_FRS","IL_CHI",2017 W51,2.09083238503643,0.00803921568627451,45.7142857142857,56.8571428571429,34.4285714285714
"52","R","CA_FRS","IL_CHI",2017 W52,2.11154006831367,0,48,61.8571428571429,37.4285714285714
"53","R","CA_FRS","IL_CHI",2018 W01,2.17363571510956,0.0296078431372549,54.4285714285714,65.1428571428571,45.7142857142857
"54","R","CA_FRS","IL_CHI",2018 W02,2.10440342297154,0.156034482758621,53.2857142857143,59.4285714285714,47.5714285714286
"55","R","CA_FRS","IL_CHI",2018 W03,1.94769197981127,0.0205357142857143,49.4285714285714,57.4285714285714,43.1428571428571
"56","R","CA_FRS","IL_CHI",2018 W04,1.81680959942722,0.0340384615384615,49.7142857142857,61.1428571428571,39
"57","R","CA_FRS","IL_CHI",2018 W05,1.6418524919691,0,55.7142857142857,69.8571428571429,44.4285714285714
"58","R","CA_FRS","IL_CHI",2018 W06,1.59040937882879,0,59,74.1428571428571,46.1428571428571
"59","R","CA_FRS","IL_CHI",2018 W07,1.6194903596957,0,52.5714285714286,66.1428571428571,40.1428571428571
"60","R","CA_FRS","IL_CHI",2018 W08,1.68021563898679,0.00372549019607843,45.7142857142857,57.2857142857143,34
"61","R","CA_FRS","IL_CHI",2018 W09,1.60789361639141,0.292,48.2857142857143,56.2857142857143,41.4285714285714
"62","R","CA_FRS","IL_CHI",2018 W10,NA,0.0026,57.2857142857143,70.7142857142857,46.4285714285714
"63","R","CA_FRS","IL_CHI",2018 W11,1.62087394285721,0.0953333333333333,55.5714285714286,64.8571428571429,45.7142857142857
"64","R","CA_FRS","IL_CHI",2018 W12,1.59692818700751,0.442372881355932,55.7142857142857,64.7142857142857,46.4285714285714
"65","R","CA_FRS","IL_CHI",2018 W13,1.75610700024327,0.00392156862745098,62.4285714285714,77.1428571428571,49.5714285714286
"66","R","CA_FRS","IL_CHI",2018 W14,1.91036258209562,0.0637254901960784,65.4285714285714,75.7142857142857,54.7142857142857
"67","R","CA_FRS","IL_CHI",2018 W15,1.96678650332922,0.000943396226415094,63,77.1428571428571,50.2857142857143
"68","R","CA_FRS","IL_CHI",2018 W16,2.07590059436573,0.0419642857142857,60,73.8571428571429,48
"69","R","CA_FRS","IL_CHI",2018 W17,2.09695619402484,0,70.2857142857143,83.4285714285714,56.1428571428571
"70","R","CA_FRS","IL_CHI",2018 W18,2.17018689275225,0,67.7142857142857,81.4285714285714,55.4285714285714
"71","R","CA_FRS","IL_CHI",2018 W19,2.21418501790978,0,72.5714285714286,86.1428571428571,58.5714285714286
"72","R","CA_FRS","IL_CHI",2018 W20,2.26301573878349,0,69,82.1428571428571,56.4285714285714
"73","R","CA_FRS","IL_CHI",2018 W21,2.41937962470518,0.0026,68.4285714285714,81.2857142857143,57.1428571428571
"74","R","CA_FRS","IL_CHI",2018 W22,2.7951057891173,0,77.2857142857143,92.5714285714286,61.5714285714286
"75","R","CA_FRS","IL_CHI",2018 W23,2.66616923162305,0,75.5714285714286,89.7142857142857,60.5714285714286
"76","R","CA_FRS","IL_CHI",2018 W24,2.58786930950355,0,79.1428571428571,93.7142857142857,64.2857142857143
"77","R","CA_FRS","IL_CHI",2018 W25,2.61104548745547,0,82.2857142857143,97.8571428571429,66.7142857142857
"78","R","CA_FRS","IL_CHI",2018 W26,2.55620070314042,0,82.8571428571429,98.4285714285714,67.4285714285714
"79","R","CA_FRS","IL_CHI",2018 W27,2.34348557115839,0,84.4285714285714,99.8571428571429,69.4285714285714
"80","R","CA_FRS","IL_CHI",2018 W28,2.30651744745871,0,88.4285714285714,102.714285714286,74.1428571428571
"81","R","CA_FRS","IL_CHI",2018 W29,2.28857549371085,0,89.4285714285714,104.428571428571,75.2857142857143
"82","R","CA_FRS","IL_CHI",2018 W30,2.19460663158932,0,89.4285714285714,104.142857142857,75.2857142857143
"83","R","CA_FRS","IL_CHI",2018 W31,2.19238842574511,0,87,102.428571428571,72
"84","R","CA_FRS","IL_CHI",2018 W32,2.14468865909271,0,85.4285714285714,102.142857142857,70.5714285714286
"85","R","CA_FRS","IL_CHI",2018 W33,2.09879693519501,0,85.1428571428571,101.428571428571,69.5714285714286
"86","R","CA_FRS","IL_CHI",2018 W34,2.1378339647065,0,79.7142857142857,95.2857142857143,63.8571428571429
"87","R","CA_FRS","IL_CHI",2018 W35,2.15953964188825,0,77,91.1428571428571,63.5714285714286
"88","R","CA_FRS","IL_CHI",2018 W36,2.11842823075587,0,83.1428571428571,98.8571428571429,68.5714285714286
"89","R","CA_FRS","IL_CHI",2018 W37,2.09466325976273,0,74.8571428571429,89,60.5714285714286
"90","R","CA_FRS","IL_CHI",2018 W38,2.13503504000531,0,75.5714285714286,92.1428571428571,60
"91","R","CA_FRS","IL_CHI",2018 W39,2.11532087634401,0,76.4285714285714,91.4285714285714,61.8571428571429
"92","R","CA_FRS","IL_CHI",2018 W40,2.0757198774312,0.0552083333333333,70.5714285714286,81.2857142857143,61.1428571428571
"93","R","CA_FRS","IL_CHI",2018 W41,2.03347102912029,0,68,80.2857142857143,56.2857142857143
"94","R","CA_FRS","IL_CHI",2018 W42,2.01761250789737,0,67.7142857142857,83.1428571428571,53.2857142857143
"95","R","CA_FRS","IL_CHI",2018 W43,2.02469544351648,0,66.5714285714286,81.5714285714286,53
"96","R","CA_FRS","IL_CHI",2018 W44,2.09545620098244,0,63,75.7142857142857,51.7142857142857
"97","R","CA_FRS","IL_CHI",2018 W45,2.21188297059735,0.000208333333333333,58.5714285714286,71.8571428571429,46.4285714285714
"98","R","CA_FRS","IL_CHI",2018 W46,2.04760530466114,0,54.7142857142857,68.8571428571429,40.4285714285714
"99","R","CA_FRS","IL_CHI",2018 W47,2.00706238074745,0.115961538461538,55.5714285714286,66.2857142857143,46.5714285714286
"100","R","CA_FRS","IL_CHI",2018 W48,2.05571018731924,0.268909090909091,53.4285714285714,60.2857142857143,46.8571428571429
"101","R","CA_FRS","IL_CHI",2018 W49,2.01349517324695,0.0256140350877193,51.2857142857143,57.2857142857143,46.4285714285714
"102","R","CA_FRS","IL_CHI",2018 W50,1.94283370875287,0.00725490196078431,49.2857142857143,58.7142857142857,41.7142857142857
"103","R","CA_FRS","IL_CHI",2018 W51,1.94527587165846,0.0567857142857143,52.2857142857143,58,47.2857142857143
"104","R","CA_FRS","IL_CHI",2018 W52,1.95267256783201,0.0324528301886792,46.7142857142857,54.8571428571429,39
"105","R","CA_FRS","IL_CHI",2019 W01,1.89303300699391,0.0783018867924528,44.5714285714286,55.8571428571429,35.8571428571429
"106","R","CA_FRS","IL_CHI",2019 W02,1.73907831094403,0.112105263157895,53.4285714285714,61.7142857142857,48
"107","R","CA_FRS","IL_CHI",2019 W03,1.57726962751149,0.172857142857143,54.2857142857143,62,48.4285714285714
"108","R","CA_FRS","IL_CHI",2019 W04,1.64262454462271,0.0840384615384615,49.8571428571429,60.8571428571429,40
"109","R","CA_FRS","IL_CHI",2019 W05,1.63543982347583,0.13296875,55.5714285714286,63.4285714285714,48.8571428571429
"110","R","CA_FRS","IL_CHI",2019 W06,1.57002504007387,0.2145,46.7142857142857,54.1428571428571,36.7142857142857
"111","R","CA_FRS","IL_CHI",2019 W07,1.47217670781744,0.206451612903226,48.5714285714286,56,41.1428571428571
"112","R","CA_FRS","IL_CHI",2019 W08,1.46562271477696,0.0562962962962963,44.7142857142857,54.4285714285714,36.2857142857143
"113","R","CA_FRS","IL_CHI",2019 W09,1.50143791412109,0.125737704918033,58,66.4285714285714,51.4285714285714
"114","R","CA_FRS","IL_CHI",2019 W10,1.50220959607647,0.100625,53.8571428571429,60.4285714285714,46.5714285714286
"115","R","CA_FRS","IL_CHI",2019 W11,1.46234575905399,0.00384615384615385,54.2857142857143,68,42.2857142857143
"116","R","CA_FRS","IL_CHI",2019 W12,1.65236805878017,0.0215789473684211,59.4285714285714,70.2857142857143,49.4285714285714
"117","R","CA_FRS","IL_CHI",2019 W13,1.6983702411872,0.0170909090909091,59.7142857142857,71.8571428571429,49.1428571428571
"118","R","CA_FRS","IL_CHI",2019 W14,1.76827040688788,0.0427118644067797,62.7142857142857,74.2857142857143,52
"119","R","CA_FRS","IL_CHI",2019 W15,1.89132718039075,0,63.5714285714286,74.7142857142857,51.5714285714286
"120","R","CA_FRS","IL_CHI",2019 W16,1.86655350310879,0.0354901960784314,66.1428571428571,78.7142857142857,53.5714285714286
"121","R","CA_FRS","IL_CHI",2019 W17,1.92321465054991,0,75.5714285714286,90.1428571428571,61.2857142857143
"122","R","CA_FRS","IL_CHI",2019 W18,1.88843552331025,0,69.4285714285714,81,55.8571428571429
"123","R","CA_FRS","IL_CHI",2019 W19,1.88871366587507,0.0092,69.1428571428571,81.5714285714286,58
"124","R","CA_FRS","IL_CHI",2019 W20,1.8773271027433,0.293584905660377,64.8571428571429,73.4285714285714,55.2857142857143
"125","R","CA_FRS","IL_CHI",2019 W21,1.90701750993378,0.0982352941176471,61.7142857142857,70.4285714285714,54.1428571428571
"126","R","CA_FRS","IL_CHI",2019 W22,2.03024419435646,0.0694,70.4285714285714,83.5714285714286,60.5714285714286
"127","R","CA_FRS","IL_CHI",2019 W23,2.00345702064311,0,79.1428571428571,92.1428571428571,65.4285714285714
"128","R","CA_FRS","IL_CHI",2019 W24,2.04069975734635,0,84.7142857142857,98.4285714285714,70.1428571428571
"129","R","CA_FRS","IL_CHI",2019 W25,2.04804793768457,0,82.2857142857143,95.2857142857143,69.1428571428571
"130","R","CA_FRS","IL_CHI",2019 W26,2.05349602483086,0,78.7142857142857,91.8571428571429,64.1428571428571
"131","R","CA_FRS","IL_CHI",2019 W27,1.98925370628532,0,80.5714285714286,94.4285714285714,65.7142857142857
"132","R","CA_FRS","IL_CHI",2019 W28,1.96046774960161,0,82.5714285714286,98,67.2857142857143
"133","R","CA_FRS","IL_CHI",2019 W29,1.95513904243549,0,83.4285714285714,97.7142857142857,68.8571428571429
"134","R","CA_FRS","IL_CHI",2019 W30,1.93805500949082,0.000731707317073171,90.1428571428571,104.857142857143,76.1428571428571
"135","R","CA_FRS","IL_CHI",2019 W31,1.89216120681413,0,85.1428571428571,101.142857142857,69.5714285714286
"136","R","CA_FRS","IL_CHI",2019 W32,1.85869792606448,0,82.4285714285714,96.2857142857143,68.4285714285714
"137","R","CA_FRS","IL_CHI",2019 W33,1.84267725516189,0,86.1428571428571,101.857142857143,71
"138","R","CA_FRS","IL_CHI",2019 W34,1.82611287234063,0,83.2857142857143,98.1428571428571,69.5714285714286
"139","R","CA_FRS","IL_CHI",2019 W35,1.83247273234536,0,86.1428571428571,100.857142857143,71.7142857142857
"140","R","CA_FRS","IL_CHI",2019 W36,1.80950619099398,0,84.1428571428571,97.7142857142857,70.5714285714286
"141","R","CA_FRS","IL_CHI",2019 W37,1.79041617256646,0,78,93,63.7142857142857
"142","R","CA_FRS","IL_CHI",2019 W38,1.75032709914389,0,72,85.1428571428571,59.4285714285714
"143","R","CA_FRS","IL_CHI",2019 W39,1.73825166996358,0,75.2857142857143,87.2857142857143,62.7142857142857
"144","R","CA_FRS","IL_CHI",2019 W40,1.73805701795823,0,64.2857142857143,79,51.2857142857143
"145","R","CA_FRS","IL_CHI",2019 W41,1.62988397358965,0,67.8571428571429,83,53.4285714285714
"146","R","CA_FRS","IL_CHI",2019 W42,1.62745934924074,0,64.5714285714286,77.5714285714286,52.1428571428571
"147","R","CA_FRS","IL_CHI",2019 W43,1.66578387375517,0,67.7142857142857,81.7142857142857,54.2857142857143
"148","R","CA_FRS","IL_CHI",2019 W44,1.70795789552081,0.0238095238095238,56.7142857142857,72.1428571428571,43
"149","R","CA_FRS","IL_CHI",2019 W45,1.81981244604467,0,61.8571428571429,79.1428571428571,47.4285714285714
"150","R","CA_FRS","IL_CHI",2019 W46,1.8557619628802,0,60.7142857142857,74.7142857142857,48.8571428571429
"151","R","CA_FRS","IL_CHI",2019 W47,1.90426110540648,0,56.2857142857143,69.2857142857143,46
"152","R","CA_FRS","IL_CHI",2019 W48,NA,0.2406,47.4285714285714,53.8571428571429,40.2857142857143
"153","R","CA_FRS","IL_CHI",2019 W49,1.74735183270603,0.185263157894737,55.1428571428571,62.8571428571429,48.2857142857143
"154","R","CA_FRS","IL_CHI",2019 W50,1.80730531516218,0.0661111111111111,52.1428571428571,58.5714285714286,45.5714285714286
"155","R","CA_FRS","IL_CHI",2019 W51,1.81110889956615,0.00391304347826087,49.7142857142857,60.4285714285714,41
"156","R","CA_FRS","IL_CHI",2019 W52,1.80761454110952,0.0801785714285714,47.2857142857143,53.4285714285714,41.1428571428571
"157","R","CA_FRS","IL_CHI",2020 W01,1.82648410492627,0.00152173913043478,48.2857142857143,59.2857142857143,39.2857142857143
"158","R","CA_FRS","IL_CHI",2020 W02,1.73747908800309,0.0402040816326531,45,51.8571428571429,39
"159","R","CA_FRS","IL_CHI",2020 W03,1.63580365848374,0.095,44.4285714285714,53.5714285714286,37
"160","R","CA_FRS","IL_CHI",2020 W04,1.60363254580743,0.00584905660377358,52.2857142857143,60.8571428571429,45.7142857142857
"161","R","CA_FRS","IL_CHI",2020 W05,1.58708087322527,0,51.4285714285714,62.1428571428571,41.7142857142857
"162","R","CA_FRS","IL_CHI",2020 W06,1.4670211906597,0,47.4285714285714,60.5714285714286,35.7142857142857
"163","R","CA_FRS","IL_CHI",2020 W07,1.42827245088369,0,53.2857142857143,68.4285714285714,40
"164","R","CA_FRS","IL_CHI",2020 W08,1.4338538077876,0.000625,56.8571428571429,69,44.4285714285714
"165","R","CA_FRS","IL_CHI",2020 W09,1.50697456404909,0.000208333333333333,61,74.2857142857143,47.7142857142857
"166","R","CA_FRS","IL_CHI",2020 W10,1.57400659104272,0,58.1428571428571,72.1428571428571,45.8571428571429
"167","R","CA_FRS","IL_CHI",2020 W11,1.77286039492542,0.0691666666666667,60.1428571428571,69.8571428571429,51.4285714285714
"168","R","CA_FRS","IL_CHI",2020 W12,1.74688324458314,0.2225,52.2857142857143,61.1428571428571,44.4285714285714
"169","R","CA_FRS","IL_CHI",2020 W13,1.59760540226827,0.17258064516129,53.4285714285714,61.4285714285714,46.1428571428571
"170","R","CA_FRS","IL_CHI",2020 W14,1.61797276417069,0.0427272727272727,57.5714285714286,68.7142857142857,45.8571428571429
"171","R","CA_FRS","IL_CHI",2020 W15,1.62463118809693,0.239344262295082,56.5714285714286,65.5714285714286,48.5714285714286
"172","R","CA_FRS","IL_CHI",2020 W16,1.63480210464566,0.0241666666666667,64.2857142857143,75.5714285714286,54.2857142857143
"173","R","CA_FRS","IL_CHI",2020 W17,1.75442722772951,0.0170588235294118,68.8571428571429,81.7142857142857,57.1428571428571
"174","R","CA_FRS","IL_CHI",2020 W18,1.93088458552691,0,73.2857142857143,86.4285714285714,59
"175","R","CA_FRS","IL_CHI",2020 W19,1.9437682779721,0,74.8571428571429,91.1428571428571,59.1428571428571
"176","R","CA_FRS","IL_CHI",2020 W20,2.13867181256786,0.00477272727272727,69.8571428571429,82.2857142857143,57.7142857142857
"177","R","CA_FRS","IL_CHI",2020 W21,2.13298936889224,0.0276363636363636,68.4285714285714,80.5714285714286,56.2857142857143
"178","R","CA_FRS","IL_CHI",2020 W22,2.12434706624213,0,83,95.7142857142857,68.2857142857143
"179","R","CA_FRS","IL_CHI",2020 W23,2.07246205771441,0,77.8571428571429,90.7142857142857,64.5714285714286
"180","R","CA_FRS","IL_CHI",2020 W24,2.08201276831864,0.000909090909090909,75.1428571428571,89.2857142857143,60.5714285714286
"181","R","CA_FRS","IL_CHI",2020 W25,2.07806757217333,0,79.4285714285714,93.8571428571429,64.7142857142857
"182","R","CA_FRS","IL_CHI",2020 W26,2.08967483991537,0,88.1428571428571,101.571428571429,72.5714285714286
"183","R","CA_FRS","IL_CHI",2020 W27,2.06237010566292,0,80.1428571428571,95.4285714285714,65.5714285714286
"184","R","CA_FRS","IL_CHI",2020 W28,2.09430541634516,0,85.4285714285714,101,69.1428571428571
"185","R","CA_FRS","IL_CHI",2020 W29,2.20417522607913,0,85.5714285714286,100.285714285714,70.5714285714286
"186","R","CA_FRS","IL_CHI",2020 W30,2.23568629889255,0,83.1428571428571,97.8571428571429,69
"187","R","CA_FRS","IL_CHI",2020 W31,2.17339781988118,0,86.4285714285714,102.571428571429,69.7142857142857
"188","R","CA_FRS","IL_CHI",2020 W32,2.13349374153024,0,82.1428571428571,96.8571428571429,67.5714285714286
"189","R","CA_FRS","IL_CHI",2020 W33,2.10799624996651,0,89,103.857142857143,74.7142857142857
"190","R","CA_FRS","IL_CHI",2020 W34,2.09222100030675,0,88.4285714285714,101.571428571429,76.4285714285714
"191","R","CA_FRS","IL_CHI",2020 W35,2.14606050662937,0,84.8571428571429,99.4285714285714,71.2857142857143
"192","R","CA_FRS","IL_CHI",2020 W36,2.13912145016976,0,83.7142857142857,98.5714285714286,70.5714285714286
"193","R","CA_FRS","IL_CHI",2020 W37,2.11570373776159,0,79.5714285714286,91,68.1428571428571
"194","R","CA_FRS","IL_CHI",2020 W38,2.06458703627164,0,76.7142857142857,89.7142857142857,64.5714285714286
"195","R","CA_FRS","IL_CHI",2020 W39,2.15227742921925,0,77.1428571428571,91.7142857142857,63.5714285714286
"196","R","CA_FRS","IL_CHI",2020 W40,2.13143131427676,0,80.5714285714286,96,66.7142857142857
"197","R","CA_FRS","IL_CHI",2020 W41,2.22202362954782,0,72.7142857142857,85.2857142857143,60.8571428571429
"198","R","CA_FRS","IL_CHI",2020 W42,2.36818210767177,0,74.2857142857143,89.7142857142857,61.1428571428571
"199","R","CA_FRS","IL_CHI",2020 W43,2.26715684782414,0,69.4285714285714,82.4285714285714,56.8571428571429
"200","R","CA_FRS","IL_CHI",2020 W44,2.28626164291987,0,61.1428571428571,76.8571428571429,47.2857142857143
"201","R","CA_FRS","IL_CHI",2020 W45,2.37953996222756,0.0121428571428571,60,70.7142857142857,48
"202","R","CA_FRS","IL_CHI",2020 W46,2.45790932480452,0.0107017543859649,51.1428571428571,63.2857142857143,41
"203","R","CA_FRS","IL_CHI",2020 W47,2.33268180531322,0.0448275862068966,55.7142857142857,66.7142857142857,45.7142857142857
"204","R","CA_FRS","IL_CHI",2020 W48,2.19717212393083,0,50.2857142857143,63.7142857142857,38.1428571428571
"205","R","CA_FRS","IL_CHI",2020 W49,2.16095096109014,0,51.1428571428571,66.2857142857143,38.7142857142857
"206","R","CA_FRS","IL_CHI",2020 W50,2.10558228320546,0.0768518518518519,49.8571428571429,60.8571428571429,40.1428571428571
"207","R","CA_FRS","IL_CHI",2020 W51,2.12509609172901,0.068448275862069,46.2857142857143,54.7142857142857,39.1428571428571
"208","R","CA_FRS","IL_CHI",2020 W52,NA,0.0257894736842105,44.8571428571429,54.2857142857143,38.5714285714286
"209","R","CA_FRS","IL_CHI",2020 W53,2.12238716064886,0.0391228070175439,48.2857142857143,56.7142857142857,40.8571428571429
"210","R","CA_FRS","IL_CHI",2021 W01,2.08113976840451,0.00444444444444444,48.2857142857143,57.2857142857143,41.1428571428571
"211","R","CA_FRS","IL_CHI",2021 W02,2.08035352613832,0.000178571428571429,51,63.8571428571429,41.1428571428571
"212","R","CA_FRS","IL_CHI",2021 W03,1.95082374540251,0.0531578947368421,51.4285714285714,62.2857142857143,41.8571428571429
"213","R","CA_FRS","IL_CHI",2021 W04,2.00213740164519,0.474655172413793,47.4285714285714,55.2857142857143,40.5714285714286
"214","R","CA_FRS","IL_CHI",2021 W05,1.97577944781607,0.000181818181818182,53.2857142857143,65.4285714285714,43.4285714285714
"215","R","CA_FRS","IL_CHI",2021 W06,1.97731702930346,0.0466666666666667,54.8571428571429,63.7142857142857,46.4285714285714
"216","R","CA_FRS","IL_CHI",2021 W07,2.0733382666973,0,52,62.5714285714286,41.8571428571429
"217","R","CA_FRS","IL_CHI",2021 W08,2.200157233323,0,54.1428571428571,68,41.5714285714286
"218","R","CA_FRS","IL_CHI",2021 W09,2.33867496851809,0,56.5714285714286,69.8571428571429,43.8571428571429
"219","R","CA_FRS","IL_CHI",2021 W10,2.51186503835779,0.0701754385964912,51.7142857142857,61.1428571428571,42.8571428571429
"220","R","CA_FRS","IL_CHI",2021 W11,2.49590512569101,0.128545454545455,53.2857142857143,62.5714285714286,44.8571428571429
"221","R","CA_FRS","IL_CHI",2021 W12,2.54623040343913,0,58,71.4285714285714,46.1428571428571
"222","R","CA_FRS","IL_CHI",2021 W13,2.62555568118724,0,66.4285714285714,81.8571428571429,51
"223","R","CA_FRS","IL_CHI",2021 W14,2.57148095893535,0,63.7142857142857,77.7142857142857,50
"224","R","CA_FRS","IL_CHI",2021 W15,2.70880623668346,0,66,79.2857142857143,52
"225","R","CA_FRS","IL_CHI",2021 W16,2.75333151443157,0.00333333333333333,66.2857142857143,78.8571428571429,53
"226","R","CA_FRS","IL_CHI",2021 W17,2.71665679217968,0.0286666666666667,67.8571428571429,83,54.2857142857143
"227","R","CA_FRS","IL_CHI",2021 W18,3.0453820699278,0,74.7142857142857,88.8571428571429,60.7142857142857
"228","R","CA_FRS","IL_CHI",2021 W19,2.95650734767591,0,75.4285714285714,90.2857142857143,60
"229","R","CA_FRS","IL_CHI",2021 W20,3.01263262542402,0,67.2857142857143,80,54.4285714285714
"230","R","CA_FRS","IL_CHI",2021 W21,3.12675790317213,0,75.1428571428571,90.1428571428571,60.4285714285714
"231","R","CA_FRS","IL_CHI",2021 W22,3.10748318092024,0,86.4285714285714,100.857142857143,70.8571428571429
"232","R","CA_FRS","IL_CHI",2021 W23,3.19840845866836,0,71.2857142857143,84.2857142857143,58.8571428571429
"233","R","CA_FRS","IL_CHI",2021 W24,3.09793373641647,0,86.2857142857143,100.857142857143,71
"234","R","CA_FRS","IL_CHI",2021 W25,3.10185901416458,0,84,98.5714285714286,69
"235","R","CA_FRS","IL_CHI",2021 W26,3.15218429191269,0,87.5714285714286,101.714285714286,73.1428571428571
"236","R","CA_FRS","MA_BOS",2017 W01,NA,0.308793103448276,49.4285714285714,56.8571428571429,42.7142857142857
"237","R","CA_FRS","MA_BOS",2017 W02,NA,0.35734375,49.8571428571429,53.1428571428571,45.4285714285714
"238","R","CA_FRS","MA_BOS",2017 W03,NA,0.238032786885246,47.7142857142857,54.8571428571429,40.7142857142857
"239","R","CA_FRS","MA_BOS",2017 W04,NA,0.0780701754385965,44.7142857142857,55.8571428571429,34.4285714285714
"240","R","CA_FRS","MA_BOS",2017 W05,NA,0.114576271186441,53.4285714285714,63.8571428571429,44.2857142857143
"241","R","CA_FRS","MA_BOS",2017 W06,1.65351228577156,0.175692307692308,57,61.8571428571429,51.7142857142857
"242","R","CA_FRS","MA_BOS",2017 W07,1.58976726917777,0.173214285714286,55,63.5714285714286,47.1428571428571
"243","R","CA_FRS","MA_BOS",2017 W08,NA,0.127796610169492,50.1428571428571,59,40.8571428571429
"244","R","CA_FRS","MA_BOS",2017 W09,NA,0.0311666666666667,51.5714285714286,62.8571428571429,39.2857142857143
"245","R","CA_FRS","MA_BOS",2017 W10,1.58640820386655,0.0494444444444444,55.2857142857143,69,43.5714285714286
"246","R","CA_FRS","MA_BOS",2017 W11,1.68989852871031,0,66.5714285714286,80.8571428571429,53.1428571428571
"247","R","CA_FRS","MA_BOS",2017 W12,1.70938750483756,0.116865671641791,58.1428571428571,66.4285714285714,50.5714285714286
"248","R","CA_FRS","MA_BOS",2017 W13,1.77124065768376,0.0095,59.1428571428571,71.2857142857143,47.4285714285714
"249","R","CA_FRS","MA_BOS",2017 W14,1.81748808869377,0.179838709677419,61.2857142857143,71.5714285714286,49.4285714285714
"250","R","CA_FRS","MA_BOS",2017 W15,1.99594108676945,0.0858928571428571,59.2857142857143,72,47.7142857142857
"251","R","CA_FRS","MA_BOS",2017 W16,1.97224869839329,0.0725423728813559,62.7142857142857,74.1428571428571,52.7142857142857
"252","R","CA_FRS","MA_BOS",2017 W17,1.89774537614951,0,63.7142857142857,76.2857142857143,51.7142857142857
"253","R","CA_FRS","MA_BOS",2017 W18,2.00529451007503,0.0130909090909091,72.5714285714286,84.4285714285714,59.1428571428571
"254","R","CA_FRS","MA_BOS",2017 W19,1.9836413245573,0,66.1428571428571,78.5714285714286,54.2857142857143
"255","R","CA_FRS","MA_BOS",2017 W20,2.11544697827111,0,68.8571428571429,83.7142857142857,56
"256","R","CA_FRS","MA_BOS",2017 W21,2.29274244321053,0,75.2857142857143,88.2857142857143,60.5714285714286
"257","R","CA_FRS","MA_BOS",2017 W22,2.32232356549881,0.00313725490196078,76.1428571428571,89.7142857142857,62.8571428571429
"258","R","CA_FRS","MA_BOS",2017 W23,2.39792268905603,0,73.8571428571429,86.8571428571429,59.2857142857143
"259","R","CA_FRS","MA_BOS",2017 W24,NA,0,77.1428571428571,92.5714285714286,63.2857142857143
"260","R","CA_FRS","MA_BOS",2017 W25,2.13319144525993,0,92.2857142857143,106.714285714286,77
"261","R","CA_FRS","MA_BOS",2017 W26,2.17410589025539,0,81.2857142857143,96.7142857142857,65.1428571428571
"262","R","CA_FRS","MA_BOS",2017 W27,2.15250331402852,0,87.4285714285714,103.142857142857,72.2857142857143
"263","R","CA_FRS","MA_BOS",2017 W28,2.06533964030631,0,87.5714285714286,103.142857142857,72.1428571428571
"264","R","CA_FRS","MA_BOS",2017 W29,1.98614304376709,0,85.5714285714286,100.714285714286,69.7142857142857
"265","R","CA_FRS","MA_BOS",2017 W30,1.95422324896411,0,87,101.714285714286,71.7142857142857
"266","R","CA_FRS","MA_BOS",2017 W31,1.93244359495811,0,88.8571428571429,101.571428571429,76.4285714285714
"267","R","CA_FRS","MA_BOS",2017 W32,1.92583062986857,0,83.7142857142857,99.8571428571429,68.1428571428571
"268","R","CA_FRS","MA_BOS",2017 W33,NA,0,80.4285714285714,94.2857142857143,67.4285714285714
"269","R","CA_FRS","MA_BOS",2017 W34,1.89417621891141,0,83.5714285714286,99.2857142857143,69.2857142857143
"270","R","CA_FRS","MA_BOS",2017 W35,1.91123209057923,0,90.7142857142857,106.571428571429,76.1428571428571
"271","R","CA_FRS","MA_BOS",2017 W36,1.90939842739572,0,83.1428571428571,95.8571428571429,71
"272","R","CA_FRS","MA_BOS",2017 W37,NA,0.0238461538461538,76.8571428571429,89.2857142857143,65.1428571428571
"273","R","CA_FRS","MA_BOS",2017 W38,1.94016515609614,0.0276923076923077,67.4285714285714,78.7142857142857,55.2857142857143
"274","R","CA_FRS","MA_BOS",2017 W39,1.96674912229655,0,73.2857142857143,87.8571428571429,59
"275","R","CA_FRS","MA_BOS",2017 W40,2.18713690399999,0.00102040816326531,66,80.2857142857143,51.2857142857143
"276","R","CA_FRS","MA_BOS",2017 W41,1.9735848515308,0,63.4285714285714,78.5714285714286,48.8571428571429
"277","R","CA_FRS","MA_BOS",2017 W42,1.96032039063004,0.0165384615384615,63.1428571428571,77,49.8571428571429
"278","R","CA_FRS","MA_BOS",2017 W43,1.97698077809773,0,68.7142857142857,86,54.8571428571429
"279","R","CA_FRS","MA_BOS",2017 W44,2.19790360099404,0.00557692307692308,60.2857142857143,67.5714285714286,51.2857142857143
"280","R","CA_FRS","MA_BOS",2017 W45,2.23129902447166,0,57.4285714285714,69.5714285714286,47
"281","R","CA_FRS","MA_BOS",2017 W46,2.37429964528325,0.0616666666666667,57.7142857142857,67.4285714285714,47.7142857142857
"282","R","CA_FRS","MA_BOS",2017 W47,2.36296518167357,0.000188679245283019,60,74,49.2857142857143
"283","R","CA_FRS","MA_BOS",2017 W48,NA,0.0390740740740741,51.2857142857143,61.2857142857143,40.1428571428571
"284","R","CA_FRS","MA_BOS",2017 W49,2.30487343883053,0,45.8571428571429,61.7142857142857,33.5714285714286
"285","R","CA_FRS","MA_BOS",2017 W50,2.31332910763238,0,46.8571428571429,61,34.5714285714286
"286","R","CA_FRS","MA_BOS",2017 W51,NA,0.00803921568627451,45.7142857142857,56.8571428571429,34.4285714285714
"287","R","CA_FRS","MA_BOS",2017 W52,2.7962987631731,0,48,61.8571428571429,37.4285714285714
"288","R","CA_FRS","MA_BOS",2018 W01,NA,0.0296078431372549,54.4285714285714,65.1428571428571,45.7142857142857
"289","R","CA_FRS","MA_BOS",2018 W02,NA,0.156034482758621,53.2857142857143,59.4285714285714,47.5714285714286
"290","R","CA_FRS","MA_BOS",2018 W03,NA,0.0205357142857143,49.4285714285714,57.4285714285714,43.1428571428571
"291","R","CA_FRS","MA_BOS",2018 W04,2.12278437241867,0.0340384615384615,49.7142857142857,61.1428571428571,39
"292","R","CA_FRS","MA_BOS",2018 W05,1.96738145100398,0,55.7142857142857,69.8571428571429,44.4285714285714
"293","R","CA_FRS","MA_BOS",2018 W06,2.01583919693409,0,59,74.1428571428571,46.1428571428571
"294","R","CA_FRS","MA_BOS",2018 W07,NA,0,52.5714285714286,66.1428571428571,40.1428571428571
"295","R","CA_FRS","MA_BOS",2018 W08,2.02604638261276,0.00372549019607843,45.7142857142857,57.2857142857143,34
"296","R","CA_FRS","MA_BOS",2018 W09,NA,0.292,48.2857142857143,56.2857142857143,41.4285714285714
"297","R","CA_FRS","MA_BOS",2018 W10,NA,0.0026,57.2857142857143,70.7142857142857,46.4285714285714
"298","R","CA_FRS","MA_BOS",2018 W11,2.12209319061884,0.0953333333333333,55.5714285714286,64.8571428571429,45.7142857142857
"299","R","CA_FRS","MA_BOS",2018 W12,2.15384981406491,0.442372881355932,55.7142857142857,64.7142857142857,46.4285714285714
"300","R","CA_FRS","MA_BOS",2018 W13,2.20719892722895,0.00392156862745098,62.4285714285714,77.1428571428571,49.5714285714286
"301","R","CA_FRS","MA_BOS",2018 W14,2.25373320715963,0.0637254901960784,65.4285714285714,75.7142857142857,54.7142857142857
"302","R","CA_FRS","MA_BOS",2018 W15,2.32285955801767,0.000943396226415094,63,77.1428571428571,50.2857142857143
"303","R","CA_FRS","MA_BOS",2018 W16,2.39360955545457,0.0419642857142857,60,73.8571428571429,48
"304","R","CA_FRS","MA_BOS",2018 W17,2.41622657014768,0,70.2857142857143,83.4285714285714,56.1428571428571
"305","R","CA_FRS","MA_BOS",2018 W18,2.39236629149276,0,67.7142857142857,81.4285714285714,55.4285714285714
"306","R","CA_FRS","MA_BOS",2018 W19,2.40165452489565,0,72.5714285714286,86.1428571428571,58.5714285714286
"307","R","CA_FRS","MA_BOS",2018 W20,2.62583817310152,0,69,82.1428571428571,56.4285714285714
"308","R","CA_FRS","MA_BOS",2018 W21,2.68550015813196,0.0026,68.4285714285714,81.2857142857143,57.1428571428571
"309","R","CA_FRS","MA_BOS",2018 W22,2.93992975699372,0,77.2857142857143,92.5714285714286,61.5714285714286
"310","R","CA_FRS","MA_BOS",2018 W23,2.86831475232783,0,75.5714285714286,89.7142857142857,60.5714285714286
"311","R","CA_FRS","MA_BOS",2018 W24,2.73210060005105,0,79.1428571428571,93.7142857142857,64.2857142857143
"312","R","CA_FRS","MA_BOS",2018 W25,2.78005523056241,0,82.2857142857143,97.8571428571429,66.7142857142857
"313","R","CA_FRS","MA_BOS",2018 W26,2.64325962626394,0,82.8571428571429,98.4285714285714,67.4285714285714
"314","R","CA_FRS","MA_BOS",2018 W27,2.47188479128997,0,84.4285714285714,99.8571428571429,69.4285714285714
"315","R","CA_FRS","MA_BOS",2018 W28,2.50352995914716,0,88.4285714285714,102.714285714286,74.1428571428571
"316","R","CA_FRS","MA_BOS",2018 W29,2.44707525893641,0,89.4285714285714,104.428571428571,75.2857142857143
"317","R","CA_FRS","MA_BOS",2018 W30,2.39891885138506,0,89.4285714285714,104.142857142857,75.2857142857143
"318","R","CA_FRS","MA_BOS",2018 W31,2.36332032865542,0,87,102.428571428571,72
"319","R","CA_FRS","MA_BOS",2018 W32,NA,0,85.4285714285714,102.142857142857,70.5714285714286
"320","R","CA_FRS","MA_BOS",2018 W33,2.31587752588103,0,85.1428571428571,101.428571428571,69.5714285714286
"321","R","CA_FRS","MA_BOS",2018 W34,2.36731030043566,0,79.7142857142857,95.2857142857143,63.8571428571429
"322","R","CA_FRS","MA_BOS",2018 W35,2.31576368195573,0,77,91.1428571428571,63.5714285714286
"323","R","CA_FRS","MA_BOS",2018 W36,2.27969709068666,0,83.1428571428571,98.8571428571429,68.5714285714286
"324","R","CA_FRS","MA_BOS",2018 W37,2.34251879082144,0,74.8571428571429,89,60.5714285714286
"325","R","CA_FRS","MA_BOS",2018 W38,2.29567132199381,0,75.5714285714286,92.1428571428571,60
"326","R","CA_FRS","MA_BOS",2018 W39,2.24215007904904,0,76.4285714285714,91.4285714285714,61.8571428571429
"327","R","CA_FRS","MA_BOS",2018 W40,2.24716149168084,0.0552083333333333,70.5714285714286,81.2857142857143,61.1428571428571
"328","R","CA_FRS","MA_BOS",2018 W41,2.17932652699951,0,68,80.2857142857143,56.2857142857143
"329","R","CA_FRS","MA_BOS",2018 W42,2.22028156621877,0,67.7142857142857,83.1428571428571,53.2857142857143
"330","R","CA_FRS","MA_BOS",2018 W43,2.22983311189821,0,66.5714285714286,81.5714285714286,53
"331","R","CA_FRS","MA_BOS",2018 W44,2.45848938702608,0,63,75.7142857142857,51.7142857142857
"332","R","CA_FRS","MA_BOS",2018 W45,2.63583136343688,0.000208333333333333,58.5714285714286,71.8571428571429,46.4285714285714
"333","R","CA_FRS","MA_BOS",2018 W46,2.45874010963269,0,54.7142857142857,68.8571428571429,40.4285714285714
"334","R","CA_FRS","MA_BOS",2018 W47,2.24765361675521,0.115961538461538,55.5714285714286,66.2857142857143,46.5714285714286
"335","R","CA_FRS","MA_BOS",2018 W48,2.17313289236503,0.268909090909091,53.4285714285714,60.2857142857143,46.8571428571429
"336","R","CA_FRS","MA_BOS",2018 W49,NA,0.0256140350877193,51.2857142857143,57.2857142857143,46.4285714285714
"337","R","CA_FRS","MA_BOS",2018 W50,2.18301058831746,0.00725490196078431,49.2857142857143,58.7142857142857,41.7142857142857
"338","R","CA_FRS","MA_BOS",2018 W51,NA,0.0567857142857143,52.2857142857143,58,47.2857142857143
"339","R","CA_FRS","MA_BOS",2018 W52,2.28789539321974,0.0324528301886792,46.7142857142857,54.8571428571429,39
"340","R","CA_FRS","MA_BOS",2019 W01,2.1549719527347,0.0783018867924528,44.5714285714286,55.8571428571429,35.8571428571429
"341","R","CA_FRS","MA_BOS",2019 W02,NA,0.112105263157895,53.4285714285714,61.7142857142857,48
"342","R","CA_FRS","MA_BOS",2019 W03,NA,0.172857142857143,54.2857142857143,62,48.4285714285714
"343","R","CA_FRS","MA_BOS",2019 W04,1.78245616690361,0.0840384615384615,49.8571428571429,60.8571428571429,40
"344","R","CA_FRS","MA_BOS",2019 W05,1.71489752768525,0.13296875,55.5714285714286,63.4285714285714,48.8571428571429
"345","R","CA_FRS","MA_BOS",2019 W06,NA,0.2145,46.7142857142857,54.1428571428571,36.7142857142857
"346","R","CA_FRS","MA_BOS",2019 W07,1.68274233676445,0.206451612903226,48.5714285714286,56,41.1428571428571
"347","R","CA_FRS","MA_BOS",2019 W08,1.83130980218343,0.0562962962962963,44.7142857142857,54.4285714285714,36.2857142857143
"348","R","CA_FRS","MA_BOS",2019 W09,NA,0.125737704918033,58,66.4285714285714,51.4285714285714
"349","R","CA_FRS","MA_BOS",2019 W10,1.75170035251886,0.100625,53.8571428571429,60.4285714285714,46.5714285714286
"350","R","CA_FRS","MA_BOS",2019 W11,1.78650681743541,0.00384615384615385,54.2857142857143,68,42.2857142857143
"351","R","CA_FRS","MA_BOS",2019 W12,1.80564413262589,0.0215789473684211,59.4285714285714,70.2857142857143,49.4285714285714
"352","R","CA_FRS","MA_BOS",2019 W13,1.8039837261447,0.0170909090909091,59.7142857142857,71.8571428571429,49.1428571428571
"353","R","CA_FRS","MA_BOS",2019 W14,1.91547988326561,0.0427118644067797,62.7142857142857,74.2857142857143,52
"354","R","CA_FRS","MA_BOS",2019 W15,2.02021829593453,0,63.5714285714286,74.7142857142857,51.5714285714286
"355","R","CA_FRS","MA_BOS",2019 W16,2.03741801482207,0.0354901960784314,66.1428571428571,78.7142857142857,53.5714285714286
"356","R","CA_FRS","MA_BOS",2019 W17,2.03691953539556,0,75.5714285714286,90.1428571428571,61.2857142857143
"357","R","CA_FRS","MA_BOS",2019 W18,1.99472348293092,0,69.4285714285714,81,55.8571428571429
"358","R","CA_FRS","MA_BOS",2019 W19,2.00237732058188,0.0092,69.1428571428571,81.5714285714286,58
"359","R","CA_FRS","MA_BOS",2019 W20,2.01519935867342,0.293584905660377,64.8571428571429,73.4285714285714,55.2857142857143
"360","R","CA_FRS","MA_BOS",2019 W21,NA,0.0982352941176471,61.7142857142857,70.4285714285714,54.1428571428571
"361","R","CA_FRS","MA_BOS",2019 W22,2.16450456379103,0.0694,70.4285714285714,83.5714285714286,60.5714285714286
"362","R","CA_FRS","MA_BOS",2019 W23,2.23436341737827,0,79.1428571428571,92.1428571428571,65.4285714285714
"363","R","CA_FRS","MA_BOS",2019 W24,2.18323299955887,0,84.7142857142857,98.4285714285714,70.1428571428571
"364","R","CA_FRS","MA_BOS",2019 W25,2.24220867196164,0,82.2857142857143,95.2857142857143,69.1428571428571
"365","R","CA_FRS","MA_BOS",2019 W26,2.21527847721757,0,78.7142857142857,91.8571428571429,64.1428571428571
"366","R","CA_FRS","MA_BOS",2019 W27,2.15218270965473,0,80.5714285714286,94.4285714285714,65.7142857142857
"367","R","CA_FRS","MA_BOS",2019 W28,2.0855772871164,0,82.5714285714286,98,67.2857142857143
"368","R","CA_FRS","MA_BOS",2019 W29,2.07069686490293,0,83.4285714285714,97.7142857142857,68.8571428571429
"369","R","CA_FRS","MA_BOS",2019 W30,2.04250391349403,0.000731707317073171,90.1428571428571,104.857142857143,76.1428571428571
"370","R","CA_FRS","MA_BOS",2019 W31,1.98853089640136,0,85.1428571428571,101.142857142857,69.5714285714286
"371","R","CA_FRS","MA_BOS",2019 W32,1.98565140563413,0,82.4285714285714,96.2857142857143,68.4285714285714
"372","R","CA_FRS","MA_BOS",2019 W33,1.9416710405251,0,86.1428571428571,101.857142857143,71
"373","R","CA_FRS","MA_BOS",2019 W34,1.96339276013364,0,83.2857142857143,98.1428571428571,69.5714285714286
"374","R","CA_FRS","MA_BOS",2019 W35,1.99117758046039,0,86.1428571428571,100.857142857143,71.7142857142857
"375","R","CA_FRS","MA_BOS",2019 W36,2.00432042732897,0,84.1428571428571,97.7142857142857,70.5714285714286
"376","R","CA_FRS","MA_BOS",2019 W37,1.98339837945529,0,78,93,63.7142857142857
"377","R","CA_FRS","MA_BOS",2019 W38,1.90635809173867,0,72,85.1428571428571,59.4285714285714
"378","R","CA_FRS","MA_BOS",2019 W39,1.89640958399227,0,75.2857142857143,87.2857142857143,62.7142857142857
"379","R","CA_FRS","MA_BOS",2019 W40,1.88206654981136,0,64.2857142857143,79,51.2857142857143
"380","R","CA_FRS","MA_BOS",2019 W41,1.84916602363578,0,67.8571428571429,83,53.4285714285714
"381","R","CA_FRS","MA_BOS",2019 W42,1.84297753132288,0,64.5714285714286,77.5714285714286,52.1428571428571
"382","R","CA_FRS","MA_BOS",2019 W43,1.89306120777051,0,67.7142857142857,81.7142857142857,54.2857142857143
"383","R","CA_FRS","MA_BOS",2019 W44,1.88244670408932,0.0238095238095238,56.7142857142857,72.1428571428571,43
"384","R","CA_FRS","MA_BOS",2019 W45,1.96683514869283,0,61.8571428571429,79.1428571428571,47.4285714285714
"385","R","CA_FRS","MA_BOS",2019 W46,2.132264598445,0,60.7142857142857,74.7142857142857,48.8571428571429
"386","R","CA_FRS","MA_BOS",2019 W47,2.03196957605975,0,56.2857142857143,69.2857142857143,46
"387","R","CA_FRS","MA_BOS",2019 W48,NA,0.2406,47.4285714285714,53.8571428571429,40.2857142857143
"388","R","CA_FRS","MA_BOS",2019 W49,1.94696217166312,0.185263157894737,55.1428571428571,62.8571428571429,48.2857142857143
"389","R","CA_FRS","MA_BOS",2019 W50,NA,0.0661111111111111,52.1428571428571,58.5714285714286,45.5714285714286
"390","R","CA_FRS","MA_BOS",2019 W51,NA,0.00391304347826087,49.7142857142857,60.4285714285714,41
"391","R","CA_FRS","MA_BOS",2019 W52,2.22122983318107,0.0801785714285714,47.2857142857143,53.4285714285714,41.1428571428571
"392","R","CA_FRS","MA_BOS",2020 W01,2.0121971701466,0.00152173913043478,48.2857142857143,59.2857142857143,39.2857142857143
"393","R","CA_FRS","MA_BOS",2020 W02,1.96849351119542,0.0402040816326531,45,51.8571428571429,39
"394","R","CA_FRS","MA_BOS",2020 W03,1.85813229561787,0.095,44.4285714285714,53.5714285714286,37
"395","R","CA_FRS","MA_BOS",2020 W04,1.80684762364725,0.00584905660377358,52.2857142857143,60.8571428571429,45.7142857142857
"396","R","CA_FRS","MA_BOS",2020 W05,1.72711223177421,0,51.4285714285714,62.1428571428571,41.7142857142857
"397","R","CA_FRS","MA_BOS",2020 W06,1.61512905816355,0,47.4285714285714,60.5714285714286,35.7142857142857
"398","R","CA_FRS","MA_BOS",2020 W07,1.63580737254311,0,53.2857142857143,68.4285714285714,40
"399","R","CA_FRS","MA_BOS",2020 W08,1.6688038446582,0.000625,56.8571428571429,69,44.4285714285714
"400","R","CA_FRS","MA_BOS",2020 W09,1.69501511902892,0.000208333333333333,61,74.2857142857143,47.7142857142857
"401","R","CA_FRS","MA_BOS",2020 W10,1.82348158683345,0,58.1428571428571,72.1428571428571,45.8571428571429
"402","R","CA_FRS","MA_BOS",2020 W11,1.98025515384962,0.0691666666666667,60.1428571428571,69.8571428571429,51.4285714285714
"403","R","CA_FRS","MA_BOS",2020 W12,1.94512168908226,0.2225,52.2857142857143,61.1428571428571,44.4285714285714
"404","R","CA_FRS","MA_BOS",2020 W13,1.89133120959052,0.17258064516129,53.4285714285714,61.4285714285714,46.1428571428571
"405","R","CA_FRS","MA_BOS",2020 W14,1.80181617955737,0.0427272727272727,57.5714285714286,68.7142857142857,45.8571428571429
"406","R","CA_FRS","MA_BOS",2020 W15,1.73379273189182,0.239344262295082,56.5714285714286,65.5714285714286,48.5714285714286
"407","R","CA_FRS","MA_BOS",2020 W16,1.77881486459746,0.0241666666666667,64.2857142857143,75.5714285714286,54.2857142857143
"408","R","CA_FRS","MA_BOS",2020 W17,1.91671183006602,0.0170588235294118,68.8571428571429,81.7142857142857,57.1428571428571
"409","R","CA_FRS","MA_BOS",2020 W18,2.14198607430236,0,73.2857142857143,86.4285714285714,59
"410","R","CA_FRS","MA_BOS",2020 W19,2.31439394980044,0,74.8571428571429,91.1428571428571,59.1428571428571
"411","R","CA_FRS","MA_BOS",2020 W20,2.47119396973571,0.00477272727272727,69.8571428571429,82.2857142857143,57.7142857142857
"412","R","CA_FRS","MA_BOS",2020 W21,2.43933048841156,0.0276363636363636,68.4285714285714,80.5714285714286,56.2857142857143
"413","R","CA_FRS","MA_BOS",2020 W22,2.39191858311551,0,83,95.7142857142857,68.2857142857143
"414","R","CA_FRS","MA_BOS",2020 W23,2.38337200612763,0,77.8571428571429,90.7142857142857,64.5714285714286
"415","R","CA_FRS","MA_BOS",2020 W24,2.3190346355725,0.000909090909090909,75.1428571428571,89.2857142857143,60.5714285714286
"416","R","CA_FRS","MA_BOS",2020 W25,2.38598609284852,0,79.4285714285714,93.8571428571429,64.7142857142857
"417","R","CA_FRS","MA_BOS",2020 W26,NA,0,88.1428571428571,101.571428571429,72.5714285714286
"418","R","CA_FRS","MA_BOS",2020 W27,2.46742192728249,0,80.1428571428571,95.4285714285714,65.5714285714286
"419","R","CA_FRS","MA_BOS",2020 W28,2.42815706361951,0,85.4285714285714,101,69.1428571428571
"420","R","CA_FRS","MA_BOS",2020 W29,2.48553475466388,0,85.5714285714286,100.285714285714,70.5714285714286
"421","R","CA_FRS","MA_BOS",2020 W30,2.53516529491646,0,83.1428571428571,97.8571428571429,69
"422","R","CA_FRS","MA_BOS",2020 W31,2.59543027337346,0,86.4285714285714,102.571428571429,69.7142857142857
"423","R","CA_FRS","MA_BOS",2020 W32,2.54452673931124,0,82.1428571428571,96.8571428571429,67.5714285714286
"424","R","CA_FRS","MA_BOS",2020 W33,2.59005207019208,0,89,103.857142857143,74.7142857142857
"425","R","CA_FRS","MA_BOS",2020 W34,2.5721001179494,0,88.4285714285714,101.571428571429,76.4285714285714
"426","R","CA_FRS","MA_BOS",2020 W35,2.69776519175638,0,84.8571428571429,99.4285714285714,71.2857142857143
"427","R","CA_FRS","MA_BOS",2020 W36,2.50367458427955,0,83.7142857142857,98.5714285714286,70.5714285714286
"428","R","CA_FRS","MA_BOS",2020 W37,2.63202673662537,0,79.5714285714286,91,68.1428571428571
"429","R","CA_FRS","MA_BOS",2020 W38,2.6597668007223,0,76.7142857142857,89.7142857142857,64.5714285714286
"430","R","CA_FRS","MA_BOS",2020 W39,2.65227276676815,0,77.1428571428571,91.7142857142857,63.5714285714286
"431","R","CA_FRS","MA_BOS",2020 W40,2.61866538797309,0,80.5714285714286,96,66.7142857142857
"432","R","CA_FRS","MA_BOS",2020 W41,2.61250483823049,0,72.7142857142857,85.2857142857143,60.8571428571429
"433","R","CA_FRS","MA_BOS",2020 W42,2.59177249386591,0,74.2857142857143,89.7142857142857,61.1428571428571
"434","R","CA_FRS","MA_BOS",2020 W43,2.54727535690097,0,69.4285714285714,82.4285714285714,56.8571428571429
"435","R","CA_FRS","MA_BOS",2020 W44,2.82588460674104,0,61.1428571428571,76.8571428571429,47.2857142857143
"436","R","CA_FRS","MA_BOS",2020 W45,2.83741961204037,0.0121428571428571,60,70.7142857142857,48
"437","R","CA_FRS","MA_BOS",2020 W46,2.90669194319579,0.0107017543859649,51.1428571428571,63.2857142857143,41
"438","R","CA_FRS","MA_BOS",2020 W47,2.74215003340347,0.0448275862068966,55.7142857142857,66.7142857142857,45.7142857142857
"439","R","CA_FRS","MA_BOS",2020 W48,2.63646007437106,0,50.2857142857143,63.7142857142857,38.1428571428571
"440","R","CA_FRS","MA_BOS",2020 W49,2.59391559989286,0,51.1428571428571,66.2857142857143,38.7142857142857
"441","R","CA_FRS","MA_BOS",2020 W50,2.5976127521817,0.0768518518518519,49.8571428571429,60.8571428571429,40.1428571428571
"442","R","CA_FRS","MA_BOS",2020 W51,2.6503006793279,0.068448275862069,46.2857142857143,54.7142857142857,39.1428571428571
"443","R","CA_FRS","MA_BOS",2020 W52,NA,0.0257894736842105,44.8571428571429,54.2857142857143,38.5714285714286
"444","R","CA_FRS","MA_BOS",2020 W53,2.74185855012594,0.0391228070175439,48.2857142857143,56.7142857142857,40.8571428571429
"445","R","CA_FRS","MA_BOS",2021 W01,2.56712950765802,0.00444444444444444,48.2857142857143,57.2857142857143,41.1428571428571
"446","R","CA_FRS","MA_BOS",2021 W02,2.52156963585928,0.000178571428571429,51,63.8571428571429,41.1428571428571
"447","R","CA_FRS","MA_BOS",2021 W03,2.27646214431832,0.0531578947368421,51.4285714285714,62.2857142857143,41.8571428571429
"448","R","CA_FRS","MA_BOS",2021 W04,2.15778882779755,0.474655172413793,47.4285714285714,55.2857142857143,40.5714285714286
"449","R","CA_FRS","MA_BOS",2021 W05,2.19773487524277,0.000181818181818182,53.2857142857143,65.4285714285714,43.4285714285714
"450","R","CA_FRS","MA_BOS",2021 W06,NA,0.0466666666666667,54.8571428571429,63.7142857142857,46.4285714285714
"451","R","CA_FRS","MA_BOS",2021 W07,2.6382054177472,0,52,62.5714285714286,41.8571428571429
"452","R","CA_FRS","MA_BOS",2021 W08,2.7675534010956,0,54.1428571428571,68,41.5714285714286
"453","R","CA_FRS","MA_BOS",2021 W09,2.62977022584795,0,56.5714285714286,69.8571428571429,43.8571428571429
"454","R","CA_FRS","MA_BOS",2021 W10,NA,0.0701754385964912,51.7142857142857,61.1428571428571,42.8571428571429
"455","R","CA_FRS","MA_BOS",2021 W11,NA,0.128545454545455,53.2857142857143,62.5714285714286,44.8571428571429
"456","R","CA_FRS","MA_BOS",2021 W12,2.60396763548966,0,58,71.4285714285714,46.1428571428571
"457","R","CA_FRS","MA_BOS",2021 W13,2.76259356439084,0,66.4285714285714,81.8571428571429,51
"458","R","CA_FRS","MA_BOS",2021 W14,2.79361949329201,0,63.7142857142857,77.7142857142857,50
"459","R","CA_FRS","MA_BOS",2021 W15,2.73184542219319,0,66,79.2857142857143,52
"460","R","CA_FRS","MA_BOS",2021 W16,2.81507135109436,0.00333333333333333,66.2857142857143,78.8571428571429,53
"461","R","CA_FRS","MA_BOS",2021 W17,2.85769727999553,0.0286666666666667,67.8571428571429,83,54.2857142857143
"462","R","CA_FRS","MA_BOS",2021 W18,3.08592320889671,0,74.7142857142857,88.8571428571429,60.7142857142857
"463","R","CA_FRS","MA_BOS",2021 W19,3.04154913779788,0,75.4285714285714,90.2857142857143,60
"464","R","CA_FRS","MA_BOS",2021 W20,3.14797506669906,0,67.2857142857143,80,54.4285714285714
"465","R","CA_FRS","MA_BOS",2021 W21,3.23120099560023,0,75.1428571428571,90.1428571428571,60.4285714285714
"466","R","CA_FRS","MA_BOS",2021 W22,3.2158269245014,0,86.4285714285714,100.857142857143,70.8571428571429
"467","R","CA_FRS","MA_BOS",2021 W23,3.23525285340258,0,71.2857142857143,84.2857142857143,58.8571428571429
"468","R","CA_FRS","MA_BOS",2021 W24,3.23727878230375,0,86.2857142857143,100.857142857143,71
"469","R","CA_FRS","MA_BOS",2021 W25,3.17550471120493,0,84,98.5714285714286,69
"470","R","CA_FRS","MA_BOS",2021 W26,3.3399306401061,0,87.5714285714286,101.714285714286,73.1428571428571
"471","V","CA_FRS","IL_CHI",2017 W01,NA,0.308793103448276,49.4285714285714,56.8571428571429,42.7142857142857
"472","V","CA_FRS","IL_CHI",2017 W02,1.11448231198525,0.35734375,49.8571428571429,53.1428571428571,45.4285714285714
"473","V","CA_FRS","IL_CHI",2017 W03,1.13859614551385,0.238032786885246,47.7142857142857,54.8571428571429,40.7142857142857
"474","V","CA_FRS","IL_CHI",2017 W04,1.13418005091299,0.0780701754385965,44.7142857142857,55.8571428571429,34.4285714285714
"475","V","CA_FRS","IL_CHI",2017 W05,1.13659790681473,0.114576271186441,53.4285714285714,63.8571428571429,44.2857142857143
"476","V","CA_FRS","IL_CHI",2017 W06,1.12937017636605,0.175692307692308,57,61.8571428571429,51.7142857142857
"477","V","CA_FRS","IL_CHI",2017 W07,NA,0.173214285714286,55,63.5714285714286,47.1428571428571
"478","V","CA_FRS","IL_CHI",2017 W08,1.11543019089929,0.127796610169492,50.1428571428571,59,40.8571428571429
"479","V","CA_FRS","IL_CHI",2017 W09,1.07140666627051,0.0311666666666667,51.5714285714286,62.8571428571429,39.2857142857143
"480","V","CA_FRS","IL_CHI",2017 W10,1.12810936124314,0.0494444444444444,55.2857142857143,69,43.5714285714286
"481","V","CA_FRS","IL_CHI",2017 W11,1.0949781175239,0,66.5714285714286,80.8571428571429,53.1428571428571
"482","V","CA_FRS","IL_CHI",2017 W12,1.06818783203571,0.116865671641791,58.1428571428571,66.4285714285714,50.5714285714286
"483","V","CA_FRS","IL_CHI",2017 W13,1.06852025689994,0.0095,59.1428571428571,71.2857142857143,47.4285714285714
"484","V","CA_FRS","IL_CHI",2017 W14,1.07564881369132,0.179838709677419,61.2857142857143,71.5714285714286,49.4285714285714
"485","V","CA_FRS","IL_CHI",2017 W15,1.05208279759128,0.0858928571428571,59.2857142857143,72,47.7142857142857
"486","V","CA_FRS","IL_CHI",2017 W16,NA,0.0725423728813559,62.7142857142857,74.1428571428571,52.7142857142857
"487","V","CA_FRS","IL_CHI",2017 W17,1.09377665677601,0,63.7142857142857,76.2857142857143,51.7142857142857
"488","V","CA_FRS","IL_CHI",2017 W18,NA,0.0130909090909091,72.5714285714286,84.4285714285714,59.1428571428571
"489","V","CA_FRS","IL_CHI",2017 W19,1.14328769947008,0,66.1428571428571,78.5714285714286,54.2857142857143
"490","V","CA_FRS","IL_CHI",2017 W20,1.14509922808949,0,68.8571428571429,83.7142857142857,56
"491","V","CA_FRS","IL_CHI",2017 W21,NA,0,75.2857142857143,88.2857142857143,60.5714285714286
"492","V","CA_FRS","IL_CHI",2017 W22,1.13386313045813,0.00313725490196078,76.1428571428571,89.7142857142857,62.8571428571429
"493","V","CA_FRS","IL_CHI",2017 W23,NA,0,73.8571428571429,86.8571428571429,59.2857142857143
"494","V","CA_FRS","IL_CHI",2017 W24,1.10318023903246,0,77.1428571428571,92.5714285714286,63.2857142857143
"495","V","CA_FRS","IL_CHI",2017 W25,1.16272982558275,0,92.2857142857143,106.714285714286,77
"496","V","CA_FRS","IL_CHI",2017 W26,1.18955131081867,0,81.2857142857143,96.7142857142857,65.1428571428571
"497","V","CA_FRS","IL_CHI",2017 W27,1.21587312548881,0,87.4285714285714,103.142857142857,72.2857142857143
"498","V","CA_FRS","IL_CHI",2017 W28,1.1751820879555,0,87.5714285714286,103.142857142857,72.1428571428571
"499","V","CA_FRS","IL_CHI",2017 W29,1.17652821081905,0,85.5714285714286,100.714285714286,69.7142857142857
"500","V","CA_FRS","IL_CHI",2017 W30,1.18187869672258,0,87,101.714285714286,71.7142857142857
"501","V","CA_FRS","IL_CHI",2017 W31,1.1675148575045,0,88.8571428571429,101.571428571429,76.4285714285714
"502","V","CA_FRS","IL_CHI",2017 W32,1.11558985666811,0,83.7142857142857,99.8571428571429,68.1428571428571
"503","V","CA_FRS","IL_CHI",2017 W33,NA,0,80.4285714285714,94.2857142857143,67.4285714285714
"504","V","CA_FRS","IL_CHI",2017 W34,1.17748325713254,0,83.5714285714286,99.2857142857143,69.2857142857143
"505","V","CA_FRS","IL_CHI",2017 W35,1.23185651786269,0,90.7142857142857,106.571428571429,76.1428571428571
"506","V","CA_FRS","IL_CHI",2017 W36,1.17916763565921,0,83.1428571428571,95.8571428571429,71
"507","V","CA_FRS","IL_CHI",2017 W37,NA,0.0238461538461538,76.8571428571429,89.2857142857143,65.1428571428571
"508","V","CA_FRS","IL_CHI",2017 W38,1.26779174892464,0.0276923076923077,67.4285714285714,78.7142857142857,55.2857142857143
"509","V","CA_FRS","IL_CHI",2017 W39,1.20597856557385,0,73.2857142857143,87.8571428571429,59
"510","V","CA_FRS","IL_CHI",2017 W40,1.2176004360667,0.00102040816326531,66,80.2857142857143,51.2857142857143
"511","V","CA_FRS","IL_CHI",2017 W41,1.31533100000216,0,63.4285714285714,78.5714285714286,48.8571428571429
"512","V","CA_FRS","IL_CHI",2017 W42,1.29765534459068,0.0165384615384615,63.1428571428571,77,49.8571428571429
"513","V","CA_FRS","IL_CHI",2017 W43,1.39456106207899,0,68.7142857142857,86,54.8571428571429
"514","V","CA_FRS","IL_CHI",2017 W44,1.40465980547874,0.00557692307692308,60.2857142857143,67.5714285714286,51.2857142857143
"515","V","CA_FRS","IL_CHI",2017 W45,1.49963161618483,0,57.4285714285714,69.5714285714286,47
"516","V","CA_FRS","IL_CHI",2017 W46,1.58732083228356,0.0616666666666667,57.7142857142857,67.4285714285714,47.7142857142857
"517","V","CA_FRS","IL_CHI",2017 W47,1.47107899770963,0.000188679245283019,60,74,49.2857142857143
"518","V","CA_FRS","IL_CHI",2017 W48,1.58713279248907,0.0390740740740741,51.2857142857143,61.2857142857143,40.1428571428571
"519","V","CA_FRS","IL_CHI",2017 W49,1.53918020857658,0,45.8571428571429,61.7142857142857,33.5714285714286
"520","V","CA_FRS","IL_CHI",2017 W50,1.5090980964161,0,46.8571428571429,61,34.5714285714286
"521","V","CA_FRS","IL_CHI",2017 W51,1.53732331649002,0.00803921568627451,45.7142857142857,56.8571428571429,34.4285714285714
"522","V","CA_FRS","IL_CHI",2017 W52,1.59686922964931,0,48,61.8571428571429,37.4285714285714
"523","V","CA_FRS","IL_CHI",2018 W01,1.44493698973301,0.0296078431372549,54.4285714285714,65.1428571428571,45.7142857142857
"524","V","CA_FRS","IL_CHI",2018 W02,1.35381425450165,0.156034482758621,53.2857142857143,59.4285714285714,47.5714285714286
"525","V","CA_FRS","IL_CHI",2018 W03,1.33745852292201,0.0205357142857143,49.4285714285714,57.4285714285714,43.1428571428571
"526","V","CA_FRS","IL_CHI",2018 W04,1.24265623373659,0.0340384615384615,49.7142857142857,61.1428571428571,39
"527","V","CA_FRS","IL_CHI",2018 W05,1.20703450762889,0,55.7142857142857,69.8571428571429,44.4285714285714
"528","V","CA_FRS","IL_CHI",2018 W06,1.13968231609193,0,59,74.1428571428571,46.1428571428571
"529","V","CA_FRS","IL_CHI",2018 W07,1.13150117409813,0,52.5714285714286,66.1428571428571,40.1428571428571
"530","V","CA_FRS","IL_CHI",2018 W08,1.1813520773499,0.00372549019607843,45.7142857142857,57.2857142857143,34
"531","V","CA_FRS","IL_CHI",2018 W09,1.13024930214911,0.292,48.2857142857143,56.2857142857143,41.4285714285714
"532","V","CA_FRS","IL_CHI",2018 W10,NA,0.0026,57.2857142857143,70.7142857142857,46.4285714285714
"533","V","CA_FRS","IL_CHI",2018 W11,1.11958070416379,0.0953333333333333,55.5714285714286,64.8571428571429,45.7142857142857
"534","V","CA_FRS","IL_CHI",2018 W12,1.18773770116116,0.442372881355932,55.7142857142857,64.7142857142857,46.4285714285714
"535","V","CA_FRS","IL_CHI",2018 W13,1.1971368230568,0.00392156862745098,62.4285714285714,77.1428571428571,49.5714285714286
"536","V","CA_FRS","IL_CHI",2018 W14,1.22607389331119,0.0637254901960784,65.4285714285714,75.7142857142857,54.7142857142857
"537","V","CA_FRS","IL_CHI",2018 W15,NA,0.000943396226415094,63,77.1428571428571,50.2857142857143
"538","V","CA_FRS","IL_CHI",2018 W16,1.23194400597925,0.0419642857142857,60,73.8571428571429,48
"539","V","CA_FRS","IL_CHI",2018 W17,1.22762756488778,0,70.2857142857143,83.4285714285714,56.1428571428571
"540","V","CA_FRS","IL_CHI",2018 W18,1.34910371428797,0,67.7142857142857,81.4285714285714,55.4285714285714
"541","V","CA_FRS","IL_CHI",2018 W19,1.22998852416055,0,72.5714285714286,86.1428571428571,58.5714285714286
"542","V","CA_FRS","IL_CHI",2018 W20,1.27153375954418,0,69,82.1428571428571,56.4285714285714
"543","V","CA_FRS","IL_CHI",2018 W21,1.4319912729612,0.0026,68.4285714285714,81.2857142857143,57.1428571428571
"544","V","CA_FRS","IL_CHI",2018 W22,1.35838400164105,0,77.2857142857143,92.5714285714286,61.5714285714286
"545","V","CA_FRS","IL_CHI",2018 W23,1.5245342026876,0,75.5714285714286,89.7142857142857,60.5714285714286
"546","V","CA_FRS","IL_CHI",2018 W24,1.57427705224905,0,79.1428571428571,93.7142857142857,64.2857142857143
"547","V","CA_FRS","IL_CHI",2018 W25,1.52876097194577,0,82.2857142857143,97.8571428571429,66.7142857142857
"548","V","CA_FRS","IL_CHI",2018 W26,1.5098779240571,0,82.8571428571429,98.4285714285714,67.4285714285714
"549","V","CA_FRS","IL_CHI",2018 W27,1.53069254878186,0,84.4285714285714,99.8571428571429,69.4285714285714
"550","V","CA_FRS","IL_CHI",2018 W28,1.51702683554837,0,88.4285714285714,102.714285714286,74.1428571428571
"551","V","CA_FRS","IL_CHI",2018 W29,1.44610172757531,0,89.4285714285714,104.428571428571,75.2857142857143
"552","V","CA_FRS","IL_CHI",2018 W30,1.44951881063163,0,89.4285714285714,104.142857142857,75.2857142857143
"553","V","CA_FRS","IL_CHI",2018 W31,1.40202752161896,0,87,102.428571428571,72
"554","V","CA_FRS","IL_CHI",2018 W32,1.42145487756599,0,85.4285714285714,102.142857142857,70.5714285714286
"555","V","CA_FRS","IL_CHI",2018 W33,1.46338372227175,0,85.1428571428571,101.428571428571,69.5714285714286
"556","V","CA_FRS","IL_CHI",2018 W34,1.45133806233884,0,79.7142857142857,95.2857142857143,63.8571428571429
"557","V","CA_FRS","IL_CHI",2018 W35,1.43770427060299,0,77,91.1428571428571,63.5714285714286
"558","V","CA_FRS","IL_CHI",2018 W36,1.46901499872406,0,83.1428571428571,98.8571428571429,68.5714285714286
"559","V","CA_FRS","IL_CHI",2018 W37,1.45349404820685,0,74.8571428571429,89,60.5714285714286
"560","V","CA_FRS","IL_CHI",2018 W38,1.52127458216732,0,75.5714285714286,92.1428571428571,60
"561","V","CA_FRS","IL_CHI",2018 W39,1.55722345213266,0,76.4285714285714,91.4285714285714,61.8571428571429
"562","V","CA_FRS","IL_CHI",2018 W40,1.54006308064962,0.0552083333333333,70.5714285714286,81.2857142857143,61.1428571428571
"563","V","CA_FRS","IL_CHI",2018 W41,1.57607262828203,0,68,80.2857142857143,56.2857142857143
"564","V","CA_FRS","IL_CHI",2018 W42,1.4994845033217,0,67.7142857142857,83.1428571428571,53.2857142857143
"565","V","CA_FRS","IL_CHI",2018 W43,1.55613437346341,0,66.5714285714286,81.5714285714286,53
"566","V","CA_FRS","IL_CHI",2018 W44,1.5715285493279,0,63,75.7142857142857,51.7142857142857
"567","V","CA_FRS","IL_CHI",2018 W45,1.76160366182711,0.000208333333333333,58.5714285714286,71.8571428571429,46.4285714285714
"568","V","CA_FRS","IL_CHI",2018 W46,1.73377069565339,0,54.7142857142857,68.8571428571429,40.4285714285714
"569","V","CA_FRS","IL_CHI",2018 W47,1.6567644788134,0.115961538461538,55.5714285714286,66.2857142857143,46.5714285714286
"570","V","CA_FRS","IL_CHI",2018 W48,1.57301772111561,0.268909090909091,53.4285714285714,60.2857142857143,46.8571428571429
"571","V","CA_FRS","IL_CHI",2018 W49,1.59620510573345,0.0256140350877193,51.2857142857143,57.2857142857143,46.4285714285714
"572","V","CA_FRS","IL_CHI",2018 W50,1.54404229564539,0.00725490196078431,49.2857142857143,58.7142857142857,41.7142857142857
"573","V","CA_FRS","IL_CHI",2018 W51,1.54389748974603,0.0567857142857143,52.2857142857143,58,47.2857142857143
"574","V","CA_FRS","IL_CHI",2018 W52,1.51290136129245,0.0324528301886792,46.7142857142857,54.8571428571429,39
"575","V","CA_FRS","IL_CHI",2019 W01,1.48677456751508,0.0783018867924528,44.5714285714286,55.8571428571429,35.8571428571429
"576","V","CA_FRS","IL_CHI",2019 W02,1.40671806671673,0.112105263157895,53.4285714285714,61.7142857142857,48
"577","V","CA_FRS","IL_CHI",2019 W03,1.29601931661353,0.172857142857143,54.2857142857143,62,48.4285714285714
"578","V","CA_FRS","IL_CHI",2019 W04,1.23470810606307,0.0840384615384615,49.8571428571429,60.8571428571429,40
"579","V","CA_FRS","IL_CHI",2019 W05,1.21956903574384,0.13296875,55.5714285714286,63.4285714285714,48.8571428571429
"580","V","CA_FRS","IL_CHI",2019 W06,1.19000999874421,0.2145,46.7142857142857,54.1428571428571,36.7142857142857
"581","V","CA_FRS","IL_CHI",2019 W07,1.16408494724764,0.206451612903226,48.5714285714286,56,41.1428571428571
"582","V","CA_FRS","IL_CHI",2019 W08,1.14838055787376,0.0562962962962963,44.7142857142857,54.4285714285714,36.2857142857143
"583","V","CA_FRS","IL_CHI",2019 W09,1.19645016494047,0.125737704918033,58,66.4285714285714,51.4285714285714
"584","V","CA_FRS","IL_CHI",2019 W10,1.1724117594358,0.100625,53.8571428571429,60.4285714285714,46.5714285714286
"585","V","CA_FRS","IL_CHI",2019 W11,1.13611125329978,0.00384615384615385,54.2857142857143,68,42.2857142857143
"586","V","CA_FRS","IL_CHI",2019 W12,1.12301469497196,0.0215789473684211,59.4285714285714,70.2857142857143,49.4285714285714
"587","V","CA_FRS","IL_CHI",2019 W13,1.17575464391088,0.0170909090909091,59.7142857142857,71.8571428571429,49.1428571428571
"588","V","CA_FRS","IL_CHI",2019 W14,1.1588107974354,0.0427118644067797,62.7142857142857,74.2857142857143,52
"589","V","CA_FRS","IL_CHI",2019 W15,1.18392212869625,0,63.5714285714286,74.7142857142857,51.5714285714286
"590","V","CA_FRS","IL_CHI",2019 W16,1.19802540419575,0.0354901960784314,66.1428571428571,78.7142857142857,53.5714285714286
"591","V","CA_FRS","IL_CHI",2019 W17,1.20088024939631,0,75.5714285714286,90.1428571428571,61.2857142857143
"592","V","CA_FRS","IL_CHI",2019 W18,1.23044211595829,0,69.4285714285714,81,55.8571428571429
"593","V","CA_FRS","IL_CHI",2019 W19,1.18643843760781,0.0092,69.1428571428571,81.5714285714286,58
"594","V","CA_FRS","IL_CHI",2019 W20,1.16149756680431,0.293584905660377,64.8571428571429,73.4285714285714,55.2857142857143
"595","V","CA_FRS","IL_CHI",2019 W21,1.22288440846556,0.0982352941176471,61.7142857142857,70.4285714285714,54.1428571428571
"596","V","CA_FRS","IL_CHI",2019 W22,1.21008127635363,0.0694,70.4285714285714,83.5714285714286,60.5714285714286
"597","V","CA_FRS","IL_CHI",2019 W23,1.19546583617869,0,79.1428571428571,92.1428571428571,65.4285714285714
"598","V","CA_FRS","IL_CHI",2019 W24,1.28881174708859,0,84.7142857142857,98.4285714285714,70.1428571428571
"599","V","CA_FRS","IL_CHI",2019 W25,1.27646091620783,0,82.2857142857143,95.2857142857143,69.1428571428571
"600","V","CA_FRS","IL_CHI",2019 W26,1.21819947074094,0,78.7142857142857,91.8571428571429,64.1428571428571
"601","V","CA_FRS","IL_CHI",2019 W27,1.21890868351801,0,80.5714285714286,94.4285714285714,65.7142857142857
"602","V","CA_FRS","IL_CHI",2019 W28,1.27139957234823,0,82.5714285714286,98,67.2857142857143
"603","V","CA_FRS","IL_CHI",2019 W29,1.29999372980497,0,83.4285714285714,97.7142857142857,68.8571428571429
"604","V","CA_FRS","IL_CHI",2019 W30,1.23359150988558,0.000731707317073171,90.1428571428571,104.857142857143,76.1428571428571
"605","V","CA_FRS","IL_CHI",2019 W31,1.28017734154025,0,85.1428571428571,101.142857142857,69.5714285714286
"606","V","CA_FRS","IL_CHI",2019 W32,1.26275822009084,0,82.4285714285714,96.2857142857143,68.4285714285714
"607","V","CA_FRS","IL_CHI",2019 W33,1.24755933935937,0,86.1428571428571,101.857142857143,71
"608","V","CA_FRS","IL_CHI",2019 W34,1.25157470561708,0,83.2857142857143,98.1428571428571,69.5714285714286
"609","V","CA_FRS","IL_CHI",2019 W35,1.26918706960512,0,86.1428571428571,100.857142857143,71.7142857142857
"610","V","CA_FRS","IL_CHI",2019 W36,1.28997036159787,0,84.1428571428571,97.7142857142857,70.5714285714286
"611","V","CA_FRS","IL_CHI",2019 W37,1.23567823436636,0,78,93,63.7142857142857
"612","V","CA_FRS","IL_CHI",2019 W38,1.29440207562628,0,72,85.1428571428571,59.4285714285714
"613","V","CA_FRS","IL_CHI",2019 W39,1.30484590078199,0,75.2857142857143,87.2857142857143,62.7142857142857
"614","V","CA_FRS","IL_CHI",2019 W40,1.28119380607266,0,64.2857142857143,79,51.2857142857143
"615","V","CA_FRS","IL_CHI",2019 W41,1.37218610375588,0,67.8571428571429,83,53.4285714285714
"616","V","CA_FRS","IL_CHI",2019 W42,1.32834852000101,0,64.5714285714286,77.5714285714286,52.1428571428571
"617","V","CA_FRS","IL_CHI",2019 W43,1.27553804412572,0,67.7142857142857,81.7142857142857,54.2857142857143
"618","V","CA_FRS","IL_CHI",2019 W44,1.28749748170732,0.0238095238095238,56.7142857142857,72.1428571428571,43
"619","V","CA_FRS","IL_CHI",2019 W45,1.24594983579397,0,61.8571428571429,79.1428571428571,47.4285714285714
"620","V","CA_FRS","IL_CHI",2019 W46,1.29932981265248,0,60.7142857142857,74.7142857142857,48.8571428571429
"621","V","CA_FRS","IL_CHI",2019 W47,1.32395982778158,0,56.2857142857143,69.2857142857143,46
"622","V","CA_FRS","IL_CHI",2019 W48,NA,0.2406,47.4285714285714,53.8571428571429,40.2857142857143
"623","V","CA_FRS","IL_CHI",2019 W49,1.28257685852385,0.185263157894737,55.1428571428571,62.8571428571429,48.2857142857143
"624","V","CA_FRS","IL_CHI",2019 W50,1.31328830324247,0.0661111111111111,52.1428571428571,58.5714285714286,45.5714285714286
"625","V","CA_FRS","IL_CHI",2019 W51,1.34074619662998,0.00391304347826087,49.7142857142857,60.4285714285714,41
"626","V","CA_FRS","IL_CHI",2019 W52,1.25056259952418,0.0801785714285714,47.2857142857143,53.4285714285714,41.1428571428571
"627","V","CA_FRS","IL_CHI",2020 W01,1.24719988466083,0.00152173913043478,48.2857142857143,59.2857142857143,39.2857142857143
"628","V","CA_FRS","IL_CHI",2020 W02,1.31955761426862,0.0402040816326531,45,51.8571428571429,39
"629","V","CA_FRS","IL_CHI",2020 W03,1.31068410408863,0.095,44.4285714285714,53.5714285714286,37
"630","V","CA_FRS","IL_CHI",2020 W04,1.18366644419735,0.00584905660377358,52.2857142857143,60.8571428571429,45.7142857142857
"631","V","CA_FRS","IL_CHI",2020 W05,1.19852119923668,0,51.4285714285714,62.1428571428571,41.7142857142857
"632","V","CA_FRS","IL_CHI",2020 W06,1.1052599191502,0,47.4285714285714,60.5714285714286,35.7142857142857
"633","V","CA_FRS","IL_CHI",2020 W07,1.1146686926065,0,53.2857142857143,68.4285714285714,40
"634","V","CA_FRS","IL_CHI",2020 W08,1.10524310079954,0.000625,56.8571428571429,69,44.4285714285714
"635","V","CA_FRS","IL_CHI",2020 W09,1.10604846663364,0.000208333333333333,61,74.2857142857143,47.7142857142857
"636","V","CA_FRS","IL_CHI",2020 W10,1.13631081189655,0,58.1428571428571,72.1428571428571,45.8571428571429
"637","V","CA_FRS","IL_CHI",2020 W11,1.2168591425819,0.0691666666666667,60.1428571428571,69.8571428571429,51.4285714285714
"638","V","CA_FRS","IL_CHI",2020 W12,1.24790237632876,0.2225,52.2857142857143,61.1428571428571,44.4285714285714
"639","V","CA_FRS","IL_CHI",2020 W13,1.23757286692073,0.17258064516129,53.4285714285714,61.4285714285714,46.1428571428571
"640","V","CA_FRS","IL_CHI",2020 W14,1.11200946506182,0.0427272727272727,57.5714285714286,68.7142857142857,45.8571428571429
"641","V","CA_FRS","IL_CHI",2020 W15,1.16575796003923,0.239344262295082,56.5714285714286,65.5714285714286,48.5714285714286
"642","V","CA_FRS","IL_CHI",2020 W16,1.06865995330991,0.0241666666666667,64.2857142857143,75.5714285714286,54.2857142857143
"643","V","CA_FRS","IL_CHI",2020 W17,1.00059918127756,0.0170588235294118,68.8571428571429,81.7142857142857,57.1428571428571
"644","V","CA_FRS","IL_CHI",2020 W18,1.09323212798733,0,73.2857142857143,86.4285714285714,59
"645","V","CA_FRS","IL_CHI",2020 W19,1.26298629416612,0,74.8571428571429,91.1428571428571,59.1428571428571
"646","V","CA_FRS","IL_CHI",2020 W20,1.48235931915691,0.00477272727272727,69.8571428571429,82.2857142857143,57.7142857142857
"647","V","CA_FRS","IL_CHI",2020 W21,1.48269627417726,0.0276363636363636,68.4285714285714,80.5714285714286,56.2857142857143
"648","V","CA_FRS","IL_CHI",2020 W22,1.41966462384805,0,83,95.7142857142857,68.2857142857143
"649","V","CA_FRS","IL_CHI",2020 W23,1.38939456873612,0,77.8571428571429,90.7142857142857,64.5714285714286
"650","V","CA_FRS","IL_CHI",2020 W24,1.45228188771774,0.000909090909090909,75.1428571428571,89.2857142857143,60.5714285714286
"651","V","CA_FRS","IL_CHI",2020 W25,1.42064916730045,0,79.4285714285714,93.8571428571429,64.7142857142857
"652","V","CA_FRS","IL_CHI",2020 W26,1.48471593776241,0,88.1428571428571,101.571428571429,72.5714285714286
"653","V","CA_FRS","IL_CHI",2020 W27,1.56833282960214,0,80.1428571428571,95.4285714285714,65.5714285714286
"654","V","CA_FRS","IL_CHI",2020 W28,1.57736044767764,0,85.4285714285714,101,69.1428571428571
"655","V","CA_FRS","IL_CHI",2020 W29,1.67533323233823,0,85.5714285714286,100.285714285714,70.5714285714286
"656","V","CA_FRS","IL_CHI",2020 W30,1.75968967547988,0,83.1428571428571,97.8571428571429,69
"657","V","CA_FRS","IL_CHI",2020 W31,1.68532092565519,0,86.4285714285714,102.571428571429,69.7142857142857
"658","V","CA_FRS","IL_CHI",2020 W32,1.79866458000418,0,82.1428571428571,96.8571428571429,67.5714285714286
"659","V","CA_FRS","IL_CHI",2020 W33,1.82788706336391,0,89,103.857142857143,74.7142857142857
"660","V","CA_FRS","IL_CHI",2020 W34,1.86342154827712,0,88.4285714285714,101.571428571429,76.4285714285714
"661","V","CA_FRS","IL_CHI",2020 W35,1.95982068588763,0,84.8571428571429,99.4285714285714,71.2857142857143
"662","V","CA_FRS","IL_CHI",2020 W36,1.76071957552663,0,83.7142857142857,98.5714285714286,70.5714285714286
"663","V","CA_FRS","IL_CHI",2020 W37,1.99758307962485,0,79.5714285714286,91,68.1428571428571
"664","V","CA_FRS","IL_CHI",2020 W38,1.89758339297174,0,76.7142857142857,89.7142857142857,64.5714285714286
"665","V","CA_FRS","IL_CHI",2020 W39,1.95587540302037,0,77.1428571428571,91.7142857142857,63.5714285714286
"666","V","CA_FRS","IL_CHI",2020 W40,2.00748261744999,0,80.5714285714286,96,66.7142857142857
"667","V","CA_FRS","IL_CHI",2020 W41,1.88612280904843,0,72.7142857142857,85.2857142857143,60.8571428571429
"668","V","CA_FRS","IL_CHI",2020 W42,1.92937438933226,0,74.2857142857143,89.7142857142857,61.1428571428571
"669","V","CA_FRS","IL_CHI",2020 W43,1.97392494458369,0,69.4285714285714,82.4285714285714,56.8571428571429
"670","V","CA_FRS","IL_CHI",2020 W44,2.02076299639159,0,61.1428571428571,76.8571428571429,47.2857142857143
"671","V","CA_FRS","IL_CHI",2020 W45,2.08266269449181,0.0121428571428571,60,70.7142857142857,48
"672","V","CA_FRS","IL_CHI",2020 W46,2.27693738019613,0.0107017543859649,51.1428571428571,63.2857142857143,41
"673","V","CA_FRS","IL_CHI",2020 W47,2.15757863050631,0.0448275862068966,55.7142857142857,66.7142857142857,45.7142857142857
"674","V","CA_FRS","IL_CHI",2020 W48,2.25299675346922,0,50.2857142857143,63.7142857142857,38.1428571428571
"675","V","CA_FRS","IL_CHI",2020 W49,2.08772225008649,0,51.1428571428571,66.2857142857143,38.7142857142857
"676","V","CA_FRS","IL_CHI",2020 W50,1.88517667594974,0.0768518518518519,49.8571428571429,60.8571428571429,40.1428571428571
"677","V","CA_FRS","IL_CHI",2020 W51,2.01477820373291,0.068448275862069,46.2857142857143,54.7142857142857,39.1428571428571
"678","V","CA_FRS","IL_CHI",2020 W52,NA,0.0257894736842105,44.8571428571429,54.2857142857143,38.5714285714286
"679","V","CA_FRS","IL_CHI",2020 W53,1.83187331095621,0.0391228070175439,48.2857142857143,56.7142857142857,40.8571428571429
"680","V","CA_FRS","IL_CHI",2021 W01,1.82145452902259,0.00444444444444444,48.2857142857143,57.2857142857143,41.1428571428571
"681","V","CA_FRS","IL_CHI",2021 W02,1.76432145567984,0.000178571428571429,51,63.8571428571429,41.1428571428571
"682","V","CA_FRS","IL_CHI",2021 W03,1.76794394212091,0.0531578947368421,51.4285714285714,62.2857142857143,41.8571428571429
"683","V","CA_FRS","IL_CHI",2021 W04,1.58308156478936,0.474655172413793,47.4285714285714,55.2857142857143,40.5714285714286
"684","V","CA_FRS","IL_CHI",2021 W05,1.59863847690474,0.000181818181818182,53.2857142857143,65.4285714285714,43.4285714285714
"685","V","CA_FRS","IL_CHI",2021 W06,1.50374676550375,0.0466666666666667,54.8571428571429,63.7142857142857,46.4285714285714
"686","V","CA_FRS","IL_CHI",2021 W07,1.66313383819475,0,52,62.5714285714286,41.8571428571429
"687","V","CA_FRS","IL_CHI",2021 W08,1.94251720970196,0,54.1428571428571,68,41.5714285714286
"688","V","CA_FRS","IL_CHI",2021 W09,2.04762774512524,0,56.5714285714286,69.8571428571429,43.8571428571429
"689","V","CA_FRS","IL_CHI",2021 W10,2.17838806759482,0.0701754385964912,51.7142857142857,61.1428571428571,42.8571428571429
"690","V","CA_FRS","IL_CHI",2021 W11,2.04446743262243,0.128545454545455,53.2857142857143,62.5714285714286,44.8571428571429
"691","V","CA_FRS","IL_CHI",2021 W12,2.06233686524496,0,58,71.4285714285714,46.1428571428571
"692","V","CA_FRS","IL_CHI",2021 W13,2.19040629786748,0,66.4285714285714,81.8571428571429,51
"693","V","CA_FRS","IL_CHI",2021 W14,2.09227573049,0,63.7142857142857,77.7142857142857,50
"694","V","CA_FRS","IL_CHI",2021 W15,2.15074516311253,0,66,79.2857142857143,52
"695","V","CA_FRS","IL_CHI",2021 W16,2.10481459573505,0.00333333333333333,66.2857142857143,78.8571428571429,53
"696","V","CA_FRS","IL_CHI",2021 W17,2.08208402835757,0.0286666666666667,67.8571428571429,83,54.2857142857143
"697","V","CA_FRS","IL_CHI",2021 W18,2.2739534609801,0,74.7142857142857,88.8571428571429,60.7142857142857
"698","V","CA_FRS","IL_CHI",2021 W19,2.28022289360262,0,75.4285714285714,90.2857142857143,60
"699","V","CA_FRS","IL_CHI",2021 W20,2.26909232622514,0,67.2857142857143,80,54.4285714285714
"700","V","CA_FRS","IL_CHI",2021 W21,2.19996175884767,0,75.1428571428571,90.1428571428571,60.4285714285714
"701","V","CA_FRS","IL_CHI",2021 W22,2.10763119147019,0,86.4285714285714,100.857142857143,70.8571428571429
"702","V","CA_FRS","IL_CHI",2021 W23,2.19510062409271,0,71.2857142857143,84.2857142857143,58.8571428571429
"703","V","CA_FRS","IL_CHI",2021 W24,2.20137005671524,0,86.2857142857143,100.857142857143,71
"704","V","CA_FRS","IL_CHI",2021 W25,2.27723948933776,0,84,98.5714285714286,69
"705","V","CA_FRS","IL_CHI",2021 W26,2.20810892196028,0,87.5714285714286,101.714285714286,73.1428571428571
"706","V","CA_FRS","MA_BOS",2017 W01,NA,0.308793103448276,49.4285714285714,56.8571428571429,42.7142857142857
"707","V","CA_FRS","MA_BOS",2017 W02,NA,0.35734375,49.8571428571429,53.1428571428571,45.4285714285714
"708","V","CA_FRS","MA_BOS",2017 W03,NA,0.238032786885246,47.7142857142857,54.8571428571429,40.7142857142857
"709","V","CA_FRS","MA_BOS",2017 W04,NA,0.0780701754385965,44.7142857142857,55.8571428571429,34.4285714285714
"710","V","CA_FRS","MA_BOS",2017 W05,NA,0.114576271186441,53.4285714285714,63.8571428571429,44.2857142857143
"711","V","CA_FRS","MA_BOS",2017 W06,NA,0.175692307692308,57,61.8571428571429,51.7142857142857
"712","V","CA_FRS","MA_BOS",2017 W07,NA,0.173214285714286,55,63.5714285714286,47.1428571428571
"713","V","CA_FRS","MA_BOS",2017 W08,NA,0.127796610169492,50.1428571428571,59,40.8571428571429
"714","V","CA_FRS","MA_BOS",2017 W09,NA,0.0311666666666667,51.5714285714286,62.8571428571429,39.2857142857143
"715","V","CA_FRS","MA_BOS",2017 W10,NA,0.0494444444444444,55.2857142857143,69,43.5714285714286
"716","V","CA_FRS","MA_BOS",2017 W11,NA,0,66.5714285714286,80.8571428571429,53.1428571428571
"717","V","CA_FRS","MA_BOS",2017 W12,NA,0.116865671641791,58.1428571428571,66.4285714285714,50.5714285714286
"718","V","CA_FRS","MA_BOS",2017 W13,NA,0.0095,59.1428571428571,71.2857142857143,47.4285714285714
"719","V","CA_FRS","MA_BOS",2017 W14,NA,0.179838709677419,61.2857142857143,71.5714285714286,49.4285714285714
"720","V","CA_FRS","MA_BOS",2017 W15,NA,0.0858928571428571,59.2857142857143,72,47.7142857142857
"721","V","CA_FRS","MA_BOS",2017 W16,NA,0.0725423728813559,62.7142857142857,74.1428571428571,52.7142857142857
"722","V","CA_FRS","MA_BOS",2017 W17,NA,0,63.7142857142857,76.2857142857143,51.7142857142857
"723","V","CA_FRS","MA_BOS",2017 W18,NA,0.0130909090909091,72.5714285714286,84.4285714285714,59.1428571428571
"724","V","CA_FRS","MA_BOS",2017 W19,NA,0,66.1428571428571,78.5714285714286,54.2857142857143
"725","V","CA_FRS","MA_BOS",2017 W20,NA,0,68.8571428571429,83.7142857142857,56
"726","V","CA_FRS","MA_BOS",2017 W21,NA,0,75.2857142857143,88.2857142857143,60.5714285714286
"727","V","CA_FRS","MA_BOS",2017 W22,NA,0.00313725490196078,76.1428571428571,89.7142857142857,62.8571428571429
"728","V","CA_FRS","MA_BOS",2017 W23,NA,0,73.8571428571429,86.8571428571429,59.2857142857143
"729","V","CA_FRS","MA_BOS",2017 W24,NA,0,77.1428571428571,92.5714285714286,63.2857142857143
"730","V","CA_FRS","MA_BOS",2017 W25,NA,0,92.2857142857143,106.714285714286,77
"731","V","CA_FRS","MA_BOS",2017 W26,NA,0,81.2857142857143,96.7142857142857,65.1428571428571
"732","V","CA_FRS","MA_BOS",2017 W27,NA,0,87.4285714285714,103.142857142857,72.2857142857143
"733","V","CA_FRS","MA_BOS",2017 W28,NA,0,87.5714285714286,103.142857142857,72.1428571428571
"734","V","CA_FRS","MA_BOS",2017 W29,NA,0,85.5714285714286,100.714285714286,69.7142857142857
"735","V","CA_FRS","MA_BOS",2017 W30,NA,0,87,101.714285714286,71.7142857142857
"736","V","CA_FRS","MA_BOS",2017 W31,NA,0,88.8571428571429,101.571428571429,76.4285714285714
"737","V","CA_FRS","MA_BOS",2017 W32,NA,0,83.7142857142857,99.8571428571429,68.1428571428571
"738","V","CA_FRS","MA_BOS",2017 W33,NA,0,80.4285714285714,94.2857142857143,67.4285714285714
"739","V","CA_FRS","MA_BOS",2017 W34,1.52256524304903,0,83.5714285714286,99.2857142857143,69.2857142857143
"740","V","CA_FRS","MA_BOS",2017 W35,NA,0,90.7142857142857,106.571428571429,76.1428571428571
"741","V","CA_FRS","MA_BOS",2017 W36,NA,0,83.1428571428571,95.8571428571429,71
"742","V","CA_FRS","MA_BOS",2017 W37,NA,0.0238461538461538,76.8571428571429,89.2857142857143,65.1428571428571
"743","V","CA_FRS","MA_BOS",2017 W38,NA,0.0276923076923077,67.4285714285714,78.7142857142857,55.2857142857143
"744","V","CA_FRS","MA_BOS",2017 W39,NA,0,73.2857142857143,87.8571428571429,59
"745","V","CA_FRS","MA_BOS",2017 W40,NA,0.00102040816326531,66,80.2857142857143,51.2857142857143
"746","V","CA_FRS","MA_BOS",2017 W41,NA,0,63.4285714285714,78.5714285714286,48.8571428571429
"747","V","CA_FRS","MA_BOS",2017 W42,NA,0.0165384615384615,63.1428571428571,77,49.8571428571429
"748","V","CA_FRS","MA_BOS",2017 W43,NA,0,68.7142857142857,86,54.8571428571429
"749","V","CA_FRS","MA_BOS",2017 W44,NA,0.00557692307692308,60.2857142857143,67.5714285714286,51.2857142857143
"750","V","CA_FRS","MA_BOS",2017 W45,NA,0,57.4285714285714,69.5714285714286,47
"751","V","CA_FRS","MA_BOS",2017 W46,NA,0.0616666666666667,57.7142857142857,67.4285714285714,47.7142857142857
"752","V","CA_FRS","MA_BOS",2017 W47,NA,0.000188679245283019,60,74,49.2857142857143
"753","V","CA_FRS","MA_BOS",2017 W48,NA,0.0390740740740741,51.2857142857143,61.2857142857143,40.1428571428571
"754","V","CA_FRS","MA_BOS",2017 W49,NA,0,45.8571428571429,61.7142857142857,33.5714285714286
"755","V","CA_FRS","MA_BOS",2017 W50,NA,0,46.8571428571429,61,34.5714285714286
"756","V","CA_FRS","MA_BOS",2017 W51,NA,0.00803921568627451,45.7142857142857,56.8571428571429,34.4285714285714
"757","V","CA_FRS","MA_BOS",2017 W52,NA,0,48,61.8571428571429,37.4285714285714
"758","V","CA_FRS","MA_BOS",2018 W01,NA,0.0296078431372549,54.4285714285714,65.1428571428571,45.7142857142857
"759","V","CA_FRS","MA_BOS",2018 W02,NA,0.156034482758621,53.2857142857143,59.4285714285714,47.5714285714286
"760","V","CA_FRS","MA_BOS",2018 W03,NA,0.0205357142857143,49.4285714285714,57.4285714285714,43.1428571428571
"761","V","CA_FRS","MA_BOS",2018 W04,NA,0.0340384615384615,49.7142857142857,61.1428571428571,39
"762","V","CA_FRS","MA_BOS",2018 W05,NA,0,55.7142857142857,69.8571428571429,44.4285714285714
"763","V","CA_FRS","MA_BOS",2018 W06,NA,0,59,74.1428571428571,46.1428571428571
"764","V","CA_FRS","MA_BOS",2018 W07,NA,0,52.5714285714286,66.1428571428571,40.1428571428571
"765","V","CA_FRS","MA_BOS",2018 W08,NA,0.00372549019607843,45.7142857142857,57.2857142857143,34
"766","V","CA_FRS","MA_BOS",2018 W09,NA,0.292,48.2857142857143,56.2857142857143,41.4285714285714
"767","V","CA_FRS","MA_BOS",2018 W10,NA,0.0026,57.2857142857143,70.7142857142857,46.4285714285714
"768","V","CA_FRS","MA_BOS",2018 W11,NA,0.0953333333333333,55.5714285714286,64.8571428571429,45.7142857142857
"769","V","CA_FRS","MA_BOS",2018 W12,NA,0.442372881355932,55.7142857142857,64.7142857142857,46.4285714285714
"770","V","CA_FRS","MA_BOS",2018 W13,NA,0.00392156862745098,62.4285714285714,77.1428571428571,49.5714285714286
"771","V","CA_FRS","MA_BOS",2018 W14,NA,0.0637254901960784,65.4285714285714,75.7142857142857,54.7142857142857
"772","V","CA_FRS","MA_BOS",2018 W15,NA,0.000943396226415094,63,77.1428571428571,50.2857142857143
"773","V","CA_FRS","MA_BOS",2018 W16,NA,0.0419642857142857,60,73.8571428571429,48
"774","V","CA_FRS","MA_BOS",2018 W17,NA,0,70.2857142857143,83.4285714285714,56.1428571428571
"775","V","CA_FRS","MA_BOS",2018 W18,NA,0,67.7142857142857,81.4285714285714,55.4285714285714
"776","V","CA_FRS","MA_BOS",2018 W19,NA,0,72.5714285714286,86.1428571428571,58.5714285714286
"777","V","CA_FRS","MA_BOS",2018 W20,NA,0,69,82.1428571428571,56.4285714285714
"778","V","CA_FRS","MA_BOS",2018 W21,NA,0.0026,68.4285714285714,81.2857142857143,57.1428571428571
"779","V","CA_FRS","MA_BOS",2018 W22,NA,0,77.2857142857143,92.5714285714286,61.5714285714286
"780","V","CA_FRS","MA_BOS",2018 W23,NA,0,75.5714285714286,89.7142857142857,60.5714285714286
"781","V","CA_FRS","MA_BOS",2018 W24,NA,0,79.1428571428571,93.7142857142857,64.2857142857143
"782","V","CA_FRS","MA_BOS",2018 W25,NA,0,82.2857142857143,97.8571428571429,66.7142857142857
"783","V","CA_FRS","MA_BOS",2018 W26,NA,0,82.8571428571429,98.4285714285714,67.4285714285714
"784","V","CA_FRS","MA_BOS",2018 W27,NA,0,84.4285714285714,99.8571428571429,69.4285714285714
"785","V","CA_FRS","MA_BOS",2018 W28,NA,0,88.4285714285714,102.714285714286,74.1428571428571
"786","V","CA_FRS","MA_BOS",2018 W29,NA,0,89.4285714285714,104.428571428571,75.2857142857143
"787","V","CA_FRS","MA_BOS",2018 W30,NA,0,89.4285714285714,104.142857142857,75.2857142857143
"788","V","CA_FRS","MA_BOS",2018 W31,NA,0,87,102.428571428571,72
"789","V","CA_FRS","MA_BOS",2018 W32,NA,0,85.4285714285714,102.142857142857,70.5714285714286
"790","V","CA_FRS","MA_BOS",2018 W33,NA,0,85.1428571428571,101.428571428571,69.5714285714286
"791","V","CA_FRS","MA_BOS",2018 W34,NA,0,79.7142857142857,95.2857142857143,63.8571428571429
"792","V","CA_FRS","MA_BOS",2018 W35,NA,0,77,91.1428571428571,63.5714285714286
"793","V","CA_FRS","MA_BOS",2018 W36,NA,0,83.1428571428571,98.8571428571429,68.5714285714286
"794","V","CA_FRS","MA_BOS",2018 W37,NA,0,74.8571428571429,89,60.5714285714286
"795","V","CA_FRS","MA_BOS",2018 W38,NA,0,75.5714285714286,92.1428571428571,60
"796","V","CA_FRS","MA_BOS",2018 W39,NA,0,76.4285714285714,91.4285714285714,61.8571428571429
"797","V","CA_FRS","MA_BOS",2018 W40,NA,0.0552083333333333,70.5714285714286,81.2857142857143,61.1428571428571
"798","V","CA_FRS","MA_BOS",2018 W41,NA,0,68,80.2857142857143,56.2857142857143
"799","V","CA_FRS","MA_BOS",2018 W42,NA,0,67.7142857142857,83.1428571428571,53.2857142857143
"800","V","CA_FRS","MA_BOS",2018 W43,NA,0,66.5714285714286,81.5714285714286,53
"801","V","CA_FRS","MA_BOS",2018 W44,NA,0,63,75.7142857142857,51.7142857142857
"802","V","CA_FRS","MA_BOS",2018 W45,NA,0.000208333333333333,58.5714285714286,71.8571428571429,46.4285714285714
"803","V","CA_FRS","MA_BOS",2018 W46,NA,0,54.7142857142857,68.8571428571429,40.4285714285714
"804","V","CA_FRS","MA_BOS",2018 W47,2.01105379846559,0.115961538461538,55.5714285714286,66.2857142857143,46.5714285714286
"805","V","CA_FRS","MA_BOS",2018 W48,NA,0.268909090909091,53.4285714285714,60.2857142857143,46.8571428571429
"806","V","CA_FRS","MA_BOS",2018 W49,NA,0.0256140350877193,51.2857142857143,57.2857142857143,46.4285714285714
"807","V","CA_FRS","MA_BOS",2018 W50,NA,0.00725490196078431,49.2857142857143,58.7142857142857,41.7142857142857
"808","V","CA_FRS","MA_BOS",2018 W51,NA,0.0567857142857143,52.2857142857143,58,47.2857142857143
"809","V","CA_FRS","MA_BOS",2018 W52,NA,0.0324528301886792,46.7142857142857,54.8571428571429,39
"810","V","CA_FRS","MA_BOS",2019 W01,NA,0.0783018867924528,44.5714285714286,55.8571428571429,35.8571428571429
"811","V","CA_FRS","MA_BOS",2019 W02,NA,0.112105263157895,53.4285714285714,61.7142857142857,48
"812","V","CA_FRS","MA_BOS",2019 W03,NA,0.172857142857143,54.2857142857143,62,48.4285714285714
"813","V","CA_FRS","MA_BOS",2019 W04,NA,0.0840384615384615,49.8571428571429,60.8571428571429,40
"814","V","CA_FRS","MA_BOS",2019 W05,NA,0.13296875,55.5714285714286,63.4285714285714,48.8571428571429
"815","V","CA_FRS","MA_BOS",2019 W06,NA,0.2145,46.7142857142857,54.1428571428571,36.7142857142857
"816","V","CA_FRS","MA_BOS",2019 W07,NA,0.206451612903226,48.5714285714286,56,41.1428571428571
"817","V","CA_FRS","MA_BOS",2019 W08,NA,0.0562962962962963,44.7142857142857,54.4285714285714,36.2857142857143
"818","V","CA_FRS","MA_BOS",2019 W09,NA,0.125737704918033,58,66.4285714285714,51.4285714285714
"819","V","CA_FRS","MA_BOS",2019 W10,NA,0.100625,53.8571428571429,60.4285714285714,46.5714285714286
"820","V","CA_FRS","MA_BOS",2019 W11,NA,0.00384615384615385,54.2857142857143,68,42.2857142857143
"821","V","CA_FRS","MA_BOS",2019 W12,NA,0.0215789473684211,59.4285714285714,70.2857142857143,49.4285714285714
"822","V","CA_FRS","MA_BOS",2019 W13,NA,0.0170909090909091,59.7142857142857,71.8571428571429,49.1428571428571
"823","V","CA_FRS","MA_BOS",2019 W14,NA,0.0427118644067797,62.7142857142857,74.2857142857143,52
"824","V","CA_FRS","MA_BOS",2019 W15,NA,0,63.5714285714286,74.7142857142857,51.5714285714286
"825","V","CA_FRS","MA_BOS",2019 W16,1.40294072935461,0.0354901960784314,66.1428571428571,78.7142857142857,53.5714285714286
"826","V","CA_FRS","MA_BOS",2019 W17,NA,0,75.5714285714286,90.1428571428571,61.2857142857143
"827","V","CA_FRS","MA_BOS",2019 W18,NA,0,69.4285714285714,81,55.8571428571429
"828","V","CA_FRS","MA_BOS",2019 W19,NA,0.0092,69.1428571428571,81.5714285714286,58
"829","V","CA_FRS","MA_BOS",2019 W20,NA,0.293584905660377,64.8571428571429,73.4285714285714,55.2857142857143
"830","V","CA_FRS","MA_BOS",2019 W21,NA,0.0982352941176471,61.7142857142857,70.4285714285714,54.1428571428571
"831","V","CA_FRS","MA_BOS",2019 W22,NA,0.0694,70.4285714285714,83.5714285714286,60.5714285714286
"832","V","CA_FRS","MA_BOS",2019 W23,NA,0,79.1428571428571,92.1428571428571,65.4285714285714
"833","V","CA_FRS","MA_BOS",2019 W24,NA,0,84.7142857142857,98.4285714285714,70.1428571428571
"834","V","CA_FRS","MA_BOS",2019 W25,1.7709533029037,0,82.2857142857143,95.2857142857143,69.1428571428571
"835","V","CA_FRS","MA_BOS",2019 W26,NA,0,78.7142857142857,91.8571428571429,64.1428571428571
"836","V","CA_FRS","MA_BOS",2019 W27,NA,0,80.5714285714286,94.4285714285714,65.7142857142857
"837","V","CA_FRS","MA_BOS",2019 W28,NA,0,82.5714285714286,98,67.2857142857143
"838","V","CA_FRS","MA_BOS",2019 W29,NA,0,83.4285714285714,97.7142857142857,68.8571428571429
"839","V","CA_FRS","MA_BOS",2019 W30,NA,0.000731707317073171,90.1428571428571,104.857142857143,76.1428571428571
"840","V","CA_FRS","MA_BOS",2019 W31,NA,0,85.1428571428571,101.142857142857,69.5714285714286
"841","V","CA_FRS","MA_BOS",2019 W32,NA,0,82.4285714285714,96.2857142857143,68.4285714285714
"842","V","CA_FRS","MA_BOS",2019 W33,NA,0,86.1428571428571,101.857142857143,71
"843","V","CA_FRS","MA_BOS",2019 W34,NA,0,83.2857142857143,98.1428571428571,69.5714285714286
"844","V","CA_FRS","MA_BOS",2019 W35,NA,0,86.1428571428571,100.857142857143,71.7142857142857
"845","V","CA_FRS","MA_BOS",2019 W36,NA,0,84.1428571428571,97.7142857142857,70.5714285714286
"846","V","CA_FRS","MA_BOS",2019 W37,NA,0,78,93,63.7142857142857
"847","V","CA_FRS","MA_BOS",2019 W38,1.67769599937041,0,72,85.1428571428571,59.4285714285714
"848","V","CA_FRS","MA_BOS",2019 W39,NA,0,75.2857142857143,87.2857142857143,62.7142857142857
"849","V","CA_FRS","MA_BOS",2019 W40,NA,0,64.2857142857143,79,51.2857142857143
"850","V","CA_FRS","MA_BOS",2019 W41,NA,0,67.8571428571429,83,53.4285714285714
"851","V","CA_FRS","MA_BOS",2019 W42,NA,0,64.5714285714286,77.5714285714286,52.1428571428571
"852","V","CA_FRS","MA_BOS",2019 W43,NA,0,67.7142857142857,81.7142857142857,54.2857142857143
"853","V","CA_FRS","MA_BOS",2019 W44,NA,0.0238095238095238,56.7142857142857,72.1428571428571,43
"854","V","CA_FRS","MA_BOS",2019 W45,NA,0,61.8571428571429,79.1428571428571,47.4285714285714
"855","V","CA_FRS","MA_BOS",2019 W46,NA,0,60.7142857142857,74.7142857142857,48.8571428571429
"856","V","CA_FRS","MA_BOS",2019 W47,NA,0,56.2857142857143,69.2857142857143,46
"857","V","CA_FRS","MA_BOS",2019 W48,NA,0.2406,47.4285714285714,53.8571428571429,40.2857142857143
"858","V","CA_FRS","MA_BOS",2019 W49,NA,0.185263157894737,55.1428571428571,62.8571428571429,48.2857142857143
"859","V","CA_FRS","MA_BOS",2019 W50,NA,0.0661111111111111,52.1428571428571,58.5714285714286,45.5714285714286
"860","V","CA_FRS","MA_BOS",2019 W51,NA,0.00391304347826087,49.7142857142857,60.4285714285714,41
"861","V","CA_FRS","MA_BOS",2019 W52,NA,0.0801785714285714,47.2857142857143,53.4285714285714,41.1428571428571
"862","V","CA_FRS","MA_BOS",2020 W01,NA,0.00152173913043478,48.2857142857143,59.2857142857143,39.2857142857143
"863","V","CA_FRS","MA_BOS",2020 W02,NA,0.0402040816326531,45,51.8571428571429,39
"864","V","CA_FRS","MA_BOS",2020 W03,NA,0.095,44.4285714285714,53.5714285714286,37
"865","V","CA_FRS","MA_BOS",2020 W04,NA,0.00584905660377358,52.2857142857143,60.8571428571429,45.7142857142857
"866","V","CA_FRS","MA_BOS",2020 W05,NA,0,51.4285714285714,62.1428571428571,41.7142857142857
"867","V","CA_FRS","MA_BOS",2020 W06,NA,0,47.4285714285714,60.5714285714286,35.7142857142857
"868","V","CA_FRS","MA_BOS",2020 W07,NA,0,53.2857142857143,68.4285714285714,40
"869","V","CA_FRS","MA_BOS",2020 W08,NA,0.000625,56.8571428571429,69,44.4285714285714
"870","V","CA_FRS","MA_BOS",2020 W09,NA,0.000208333333333333,61,74.2857142857143,47.7142857142857
"871","V","CA_FRS","MA_BOS",2020 W10,NA,0,58.1428571428571,72.1428571428571,45.8571428571429
"872","V","CA_FRS","MA_BOS",2020 W11,NA,0.0691666666666667,60.1428571428571,69.8571428571429,51.4285714285714
"873","V","CA_FRS","MA_BOS",2020 W12,NA,0.2225,52.2857142857143,61.1428571428571,44.4285714285714
"874","V","CA_FRS","MA_BOS",2020 W13,NA,0.17258064516129,53.4285714285714,61.4285714285714,46.1428571428571
"875","V","CA_FRS","MA_BOS",2020 W14,NA,0.0427272727272727,57.5714285714286,68.7142857142857,45.8571428571429
"876","V","CA_FRS","MA_BOS",2020 W15,1.35310836514015,0.239344262295082,56.5714285714286,65.5714285714286,48.5714285714286
"877","V","CA_FRS","MA_BOS",2020 W16,NA,0.0241666666666667,64.2857142857143,75.5714285714286,54.2857142857143
"878","V","CA_FRS","MA_BOS",2020 W17,NA,0.0170588235294118,68.8571428571429,81.7142857142857,57.1428571428571
"879","V","CA_FRS","MA_BOS",2020 W18,NA,0,73.2857142857143,86.4285714285714,59
"880","V","CA_FRS","MA_BOS",2020 W19,NA,0,74.8571428571429,91.1428571428571,59.1428571428571
"881","V","CA_FRS","MA_BOS",2020 W20,NA,0.00477272727272727,69.8571428571429,82.2857142857143,57.7142857142857
"882","V","CA_FRS","MA_BOS",2020 W21,1.86225181360599,0.0276363636363636,68.4285714285714,80.5714285714286,56.2857142857143
"883","V","CA_FRS","MA_BOS",2020 W22,NA,0,83,95.7142857142857,68.2857142857143
"884","V","CA_FRS","MA_BOS",2020 W23,NA,0,77.8571428571429,90.7142857142857,64.5714285714286
"885","V","CA_FRS","MA_BOS",2020 W24,1.71208610396845,0.000909090909090909,75.1428571428571,89.2857142857143,60.5714285714286
"886","V","CA_FRS","MA_BOS",2020 W25,NA,0,79.4285714285714,93.8571428571429,64.7142857142857
"887","V","CA_FRS","MA_BOS",2020 W26,1.8986493009045,0,88.1428571428571,101.571428571429,72.5714285714286
"888","V","CA_FRS","MA_BOS",2020 W27,2.02489578394729,0,80.1428571428571,95.4285714285714,65.5714285714286
"889","V","CA_FRS","MA_BOS",2020 W28,2.14756825413299,0,85.4285714285714,101,69.1428571428571
"890","V","CA_FRS","MA_BOS",2020 W29,NA,0,85.5714285714286,100.285714285714,70.5714285714286
"891","V","CA_FRS","MA_BOS",2020 W30,NA,0,83.1428571428571,97.8571428571429,69
"892","V","CA_FRS","MA_BOS",2020 W31,NA,0,86.4285714285714,102.571428571429,69.7142857142857
"893","V","CA_FRS","MA_BOS",2020 W32,NA,0,82.1428571428571,96.8571428571429,67.5714285714286
"894","V","CA_FRS","MA_BOS",2020 W33,NA,0,89,103.857142857143,74.7142857142857
"895","V","CA_FRS","MA_BOS",2020 W34,NA,0,88.4285714285714,101.571428571429,76.4285714285714
"896","V","CA_FRS","MA_BOS",2020 W35,NA,0,84.8571428571429,99.4285714285714,71.2857142857143
"897","V","CA_FRS","MA_BOS",2020 W36,NA,0,83.7142857142857,98.5714285714286,70.5714285714286
"898","V","CA_FRS","MA_BOS",2020 W37,NA,0,79.5714285714286,91,68.1428571428571
"899","V","CA_FRS","MA_BOS",2020 W38,NA,0,76.7142857142857,89.7142857142857,64.5714285714286
"900","V","CA_FRS","MA_BOS",2020 W39,2.60527391281739,0,77.1428571428571,91.7142857142857,63.5714285714286
"901","V","CA_FRS","MA_BOS",2020 W40,NA,0,80.5714285714286,96,66.7142857142857
"902","V","CA_FRS","MA_BOS",2020 W41,NA,0,72.7142857142857,85.2857142857143,60.8571428571429
"903","V","CA_FRS","MA_BOS",2020 W42,NA,0,74.2857142857143,89.7142857142857,61.1428571428571
"904","V","CA_FRS","MA_BOS",2020 W43,NA,0,69.4285714285714,82.4285714285714,56.8571428571429
"905","V","CA_FRS","MA_BOS",2020 W44,NA,0,61.1428571428571,76.8571428571429,47.2857142857143
"906","V","CA_FRS","MA_BOS",2020 W45,NA,0.0121428571428571,60,70.7142857142857,48
"907","V","CA_FRS","MA_BOS",2020 W46,NA,0.0107017543859649,51.1428571428571,63.2857142857143,41
"908","V","CA_FRS","MA_BOS",2020 W47,NA,0.0448275862068966,55.7142857142857,66.7142857142857,45.7142857142857
"909","V","CA_FRS","MA_BOS",2020 W48,2.56582236392151,0,50.2857142857143,63.7142857142857,38.1428571428571
"910","V","CA_FRS","MA_BOS",2020 W49,2.56857497664331,0,51.1428571428571,66.2857142857143,38.7142857142857
"911","V","CA_FRS","MA_BOS",2020 W50,NA,0.0768518518518519,49.8571428571429,60.8571428571429,40.1428571428571
"912","V","CA_FRS","MA_BOS",2020 W51,NA,0.068448275862069,46.2857142857143,54.7142857142857,39.1428571428571
"913","V","CA_FRS","MA_BOS",2020 W52,NA,0.0257894736842105,44.8571428571429,54.2857142857143,38.5714285714286
"914","V","CA_FRS","MA_BOS",2020 W53,2.56460952231256,0.0391228070175439,48.2857142857143,56.7142857142857,40.8571428571429
"915","V","CA_FRS","MA_BOS",2021 W01,NA,0.00444444444444444,48.2857142857143,57.2857142857143,41.1428571428571
"916","V","CA_FRS","MA_BOS",2021 W02,NA,0.000178571428571429,51,63.8571428571429,41.1428571428571
"917","V","CA_FRS","MA_BOS",2021 W03,NA,0.0531578947368421,51.4285714285714,62.2857142857143,41.8571428571429
"918","V","CA_FRS","MA_BOS",2021 W04,NA,0.474655172413793,47.4285714285714,55.2857142857143,40.5714285714286
"919","V","CA_FRS","MA_BOS",2021 W05,NA,0.000181818181818182,53.2857142857143,65.4285714285714,43.4285714285714
"920","V","CA_FRS","MA_BOS",2021 W06,NA,0.0466666666666667,54.8571428571429,63.7142857142857,46.4285714285714
"921","V","CA_FRS","MA_BOS",2021 W07,NA,0,52,62.5714285714286,41.8571428571429
"922","V","CA_FRS","MA_BOS",2021 W08,2.64465719324514,0,54.1428571428571,68,41.5714285714286
"923","V","CA_FRS","MA_BOS",2021 W09,NA,0,56.5714285714286,69.8571428571429,43.8571428571429
"924","V","CA_FRS","MA_BOS",2021 W10,NA,0.0701754385964912,51.7142857142857,61.1428571428571,42.8571428571429
"925","V","CA_FRS","MA_BOS",2021 W11,NA,0.128545454545455,53.2857142857143,62.5714285714286,44.8571428571429
"926","V","CA_FRS","MA_BOS",2021 W12,NA,0,58,71.4285714285714,46.1428571428571
"927","V","CA_FRS","MA_BOS",2021 W13,NA,0,66.4285714285714,81.8571428571429,51
"928","V","CA_FRS","MA_BOS",2021 W14,2.59063369205446,0,63.7142857142857,77.7142857142857,50
"929","V","CA_FRS","MA_BOS",2021 W15,2.49946661506799,0,66,79.2857142857143,52
"930","V","CA_FRS","MA_BOS",2021 W16,NA,0.00333333333333333,66.2857142857143,78.8571428571429,53
"931","V","CA_FRS","MA_BOS",2021 W17,2.54913246109505,0.0286666666666667,67.8571428571429,83,54.2857142857143
"932","V","CA_FRS","MA_BOS",2021 W18,NA,0,74.7142857142857,88.8571428571429,60.7142857142857
"933","V","CA_FRS","MA_BOS",2021 W19,2.6451983071221,0,75.4285714285714,90.2857142857143,60
"934","V","CA_FRS","MA_BOS",2021 W20,NA,0,67.2857142857143,80,54.4285714285714
"935","V","CA_FRS","MA_BOS",2021 W21,NA,0,75.1428571428571,90.1428571428571,60.4285714285714
"936","V","CA_FRS","MA_BOS",2021 W22,NA,0,86.4285714285714,100.857142857143,70.8571428571429
"937","V","CA_FRS","MA_BOS",2021 W23,NA,0,71.2857142857143,84.2857142857143,58.8571428571429
"938","V","CA_FRS","MA_BOS",2021 W24,2.71716292218974,0,86.2857142857143,100.857142857143,71
"939","V","CA_FRS","MA_BOS",2021 W25,NA,0,84,98.5714285714286,69
"940","V","CA_FRS","MA_BOS",2021 W26,NA,0,87.5714285714286,101.714285714286,73.1428571428571
