Mode,ORegionDAT,DRegionDAT,yearweek,sanitized_cost
R,CA_FRS,IL_CHI,2017-01,1.5654008200186356
R,CA_FRS,IL_CHI,2017-02,1.574480535950802
R,CA_FRS,IL_CHI,2017-03,1.547266629349616
R,CA_FRS,IL_CHI,2017-04,1.490165133588574
R,CA_FRS,IL_CHI,2017-05,1.4627995670867546
R,CA_FRS,IL_CHI,2017-06,1.4500932953334424
R,CA_FRS,IL_CHI,2017-07,1.4203168168123073
R,CA_FRS,IL_CHI,2017-08,1.5205206746713293
R,CA_FRS,IL_CHI,2017-09,1.4028815143075952
R,CA_FRS,IL_CHI,2017-10,1.441905126758749
R,CA_FRS,IL_CHI,2017-11,1.465705685108302
R,CA_FRS,IL_CHI,2017-12,1.4619920179991972
R,CA_FRS,IL_CHI,2017-13,1.4739504801749792
R,CA_FRS,IL_CHI,2017-14,1.5769482842887346
R,CA_FRS,IL_CHI,2017-15,1.6565709884482969
R,CA_FRS,IL_CHI,2017-16,1.6854275360021271
R,CA_FRS,IL_CHI,2017-17,1.657012566907884
R,CA_FRS,IL_CHI,2017-18,1.6173817101834396
R,CA_FRS,IL_CHI,2017-19,1.7227931799624834
R,CA_FRS,IL_CHI,2017-20,1.7342881617574646
R,CA_FRS,IL_CHI,2017-21,1.9502308846708178
R,CA_FRS,IL_CHI,2017-22,1.9514891273389081
R,CA_FRS,IL_CHI,2017-23,2.1536414628201146
R,CA_FRS,IL_CHI,2017-24,2.049965193928426
R,CA_FRS,IL_CHI,2017-25,1.951085961820889
R,CA_FRS,IL_CHI,2017-26,1.9309689183304029
R,CA_FRS,IL_CHI,2017-27,1.9444568355188494
R,CA_FRS,IL_CHI,2017-28,1.8433588243010735
R,CA_FRS,IL_CHI,2017-29,1.8344556785719928
R,CA_FRS,IL_CHI,2017-30,1.8408476757210313
R,CA_FRS,IL_CHI,2017-31,1.7819136264321251
R,CA_FRS,IL_CHI,2017-32,1.771574049772004
R,CA_FRS,IL_CHI,2017-34,1.7232803573549977
R,CA_FRS,IL_CHI,2017-35,1.7529982271216151
R,CA_FRS,IL_CHI,2017-36,1.748399900744797
R,CA_FRS,IL_CHI,2017-38,1.7739001379798114
R,CA_FRS,IL_CHI,2017-39,1.7733114666671428
R,CA_FRS,IL_CHI,2017-40,1.845116300962062
R,CA_FRS,IL_CHI,2017-41,1.793181072861168
R,CA_FRS,IL_CHI,2017-42,1.7305376065409344
R,CA_FRS,IL_CHI,2017-43,1.7126618474176387
R,CA_FRS,IL_CHI,2017-44,1.7553392806045254
R,CA_FRS,IL_CHI,2017-45,1.8306729941301176
R,CA_FRS,IL_CHI,2017-46,2.016541782697674
R,CA_FRS,IL_CHI,2017-47,1.896090459156723
R,CA_FRS,IL_CHI,2017-48,1.8948232123804676
R,CA_FRS,IL_CHI,2017-49,1.9691364139012613
R,CA_FRS,IL_CHI,2017-50,1.9340586000082696
R,CA_FRS,IL_CHI,2017-51,2.090832385036432
R,CA_FRS,IL_CHI,2017-52,2.2839881276902942
R,CA_FRS,IL_CHI,2018-00,1.9390920089370391
R,CA_FRS,IL_CHI,2018-01,2.1736357151095556
R,CA_FRS,IL_CHI,2018-02,2.1044034229715436
R,CA_FRS,IL_CHI,2018-03,1.9476919798112715
R,CA_FRS,IL_CHI,2018-04,1.816809599427216
R,CA_FRS,IL_CHI,2018-05,1.641852491969102
R,CA_FRS,IL_CHI,2018-06,1.590409378828795
R,CA_FRS,IL_CHI,2018-07,1.6194903596957035
R,CA_FRS,IL_CHI,2018-08,1.680215638986793
R,CA_FRS,IL_CHI,2018-09,1.6078936163914093
R,CA_FRS,IL_CHI,2018-11,1.6208739428572074
R,CA_FRS,IL_CHI,2018-12,1.596928187007506
R,CA_FRS,IL_CHI,2018-13,1.7561070002432722
R,CA_FRS,IL_CHI,2018-14,1.9103625820956243
R,CA_FRS,IL_CHI,2018-15,1.966786503329216
R,CA_FRS,IL_CHI,2018-16,2.0759005943657294
R,CA_FRS,IL_CHI,2018-17,2.096956194024837
R,CA_FRS,IL_CHI,2018-18,2.170186892752248
R,CA_FRS,IL_CHI,2018-19,2.2141850179097786
R,CA_FRS,IL_CHI,2018-20,2.263015738783489
R,CA_FRS,IL_CHI,2018-21,2.419379624705179
R,CA_FRS,IL_CHI,2018-22,2.7951057891173017
R,CA_FRS,IL_CHI,2018-23,2.666169231623054
R,CA_FRS,IL_CHI,2018-24,2.5878693095035548
R,CA_FRS,IL_CHI,2018-25,2.6110454874554687
R,CA_FRS,IL_CHI,2018-26,2.5562007031404157
R,CA_FRS,IL_CHI,2018-27,2.343485571158387
R,CA_FRS,IL_CHI,2018-28,2.3065174474587113
R,CA_FRS,IL_CHI,2018-29,2.28857549371085
R,CA_FRS,IL_CHI,2018-30,2.1946066315893207
R,CA_FRS,IL_CHI,2018-31,2.192388425745113
R,CA_FRS,IL_CHI,2018-32,2.1446886590927057
R,CA_FRS,IL_CHI,2018-33,2.0987969351950144
R,CA_FRS,IL_CHI,2018-34,2.1378339647064974
R,CA_FRS,IL_CHI,2018-35,2.159539641888252
R,CA_FRS,IL_CHI,2018-36,2.1184282307558697
R,CA_FRS,IL_CHI,2018-37,2.0946632597627324
R,CA_FRS,IL_CHI,2018-38,2.135035040005305
R,CA_FRS,IL_CHI,2018-39,2.1153208763440077
R,CA_FRS,IL_CHI,2018-40,2.0757198774311956
R,CA_FRS,IL_CHI,2018-41,2.0334710291202938
R,CA_FRS,IL_CHI,2018-42,2.0176125078973657
R,CA_FRS,IL_CHI,2018-43,2.0246954435164755
R,CA_FRS,IL_CHI,2018-44,2.0954562009824436
R,CA_FRS,IL_CHI,2018-45,2.2118829705973475
R,CA_FRS,IL_CHI,2018-46,2.0476053046611353
R,CA_FRS,IL_CHI,2018-47,2.00706238074745
R,CA_FRS,IL_CHI,2018-48,2.0557101873192383
R,CA_FRS,IL_CHI,2018-49,2.0134951732469473
R,CA_FRS,IL_CHI,2018-50,1.9428337087528722
R,CA_FRS,IL_CHI,2018-51,1.9452758716584557
R,CA_FRS,IL_CHI,2019-00,1.952672567832006
R,CA_FRS,IL_CHI,2019-01,1.893033006993909
R,CA_FRS,IL_CHI,2019-02,1.7390783109440293
R,CA_FRS,IL_CHI,2019-03,1.577269627511488
R,CA_FRS,IL_CHI,2019-04,1.642624544622712
R,CA_FRS,IL_CHI,2019-05,1.632539823475832
R,CA_FRS,IL_CHI,2019-05,1.6383398234758317
R,CA_FRS,IL_CHI,2019-06,1.5700250400738716
R,CA_FRS,IL_CHI,2019-07,1.4721767078174408
R,CA_FRS,IL_CHI,2019-08,1.46562271477696
R,CA_FRS,IL_CHI,2019-09,1.5014379141210887
R,CA_FRS,IL_CHI,2019-10,1.5022095960764748
R,CA_FRS,IL_CHI,2019-11,1.462345759053985
R,CA_FRS,IL_CHI,2019-12,1.6523680587801661
R,CA_FRS,IL_CHI,2019-13,1.6983702411872035
R,CA_FRS,IL_CHI,2019-14,1.7682704068878787
R,CA_FRS,IL_CHI,2019-15,1.891327180390748
R,CA_FRS,IL_CHI,2019-16,1.8665535031087916
R,CA_FRS,IL_CHI,2019-17,1.923214650549914
R,CA_FRS,IL_CHI,2019-18,1.888435523310247
R,CA_FRS,IL_CHI,2019-19,1.8887136658750674
R,CA_FRS,IL_CHI,2019-20,1.8773271027433018
R,CA_FRS,IL_CHI,2019-21,1.9070175099337823
R,CA_FRS,IL_CHI,2019-22,2.030244194356461
R,CA_FRS,IL_CHI,2019-23,2.0034570206431104
R,CA_FRS,IL_CHI,2019-24,2.040699757346349
R,CA_FRS,IL_CHI,2019-25,2.0480479376845695
R,CA_FRS,IL_CHI,2019-26,2.0534960248308636
R,CA_FRS,IL_CHI,2019-27,1.9892537062853215
R,CA_FRS,IL_CHI,2019-28,1.960467749601606
R,CA_FRS,IL_CHI,2019-29,1.9551390424354862
R,CA_FRS,IL_CHI,2019-30,1.9380550094908156
R,CA_FRS,IL_CHI,2019-31,1.8921612068141287
R,CA_FRS,IL_CHI,2019-32,1.8586979260644794
R,CA_FRS,IL_CHI,2019-33,1.8426772551618886
R,CA_FRS,IL_CHI,2019-34,1.8261128723406257
R,CA_FRS,IL_CHI,2019-35,1.8324727323453611
R,CA_FRS,IL_CHI,2019-36,1.8095061909939827
R,CA_FRS,IL_CHI,2019-37,1.7904161725664633
R,CA_FRS,IL_CHI,2019-38,1.7503270991438868
R,CA_FRS,IL_CHI,2019-39,1.7382516699635806
R,CA_FRS,IL_CHI,2019-40,1.7380570179582346
R,CA_FRS,IL_CHI,2019-41,1.629883973589648
R,CA_FRS,IL_CHI,2019-42,1.6274593492407428
R,CA_FRS,IL_CHI,2019-43,1.6657838737551716
R,CA_FRS,IL_CHI,2019-44,1.7079578955208088
R,CA_FRS,IL_CHI,2019-45,1.8198124460446659
R,CA_FRS,IL_CHI,2019-46,1.8557619628802033
R,CA_FRS,IL_CHI,2019-47,1.9042611054064782
R,CA_FRS,IL_CHI,2019-49,1.7473518327060336
R,CA_FRS,IL_CHI,2019-50,1.8073053151621818
R,CA_FRS,IL_CHI,2019-51,1.8111088995661542
R,CA_FRS,IL_CHI,2020-00,1.807614541109515
R,CA_FRS,IL_CHI,2020-01,1.8264841049262697
R,CA_FRS,IL_CHI,2020-02,1.7374790880030857
R,CA_FRS,IL_CHI,2020-03,1.6358036584837399
R,CA_FRS,IL_CHI,2020-04,1.6036325458074292
R,CA_FRS,IL_CHI,2020-05,1.5870808732252732
R,CA_FRS,IL_CHI,2020-06,1.4670211906596977
R,CA_FRS,IL_CHI,2020-07,1.428272450883687
R,CA_FRS,IL_CHI,2020-08,1.4338538077876022
R,CA_FRS,IL_CHI,2020-09,1.5069745640490892
R,CA_FRS,IL_CHI,2020-10,1.5740065910427237
R,CA_FRS,IL_CHI,2020-11,1.7728603949254165
R,CA_FRS,IL_CHI,2020-12,1.7468832445831364
R,CA_FRS,IL_CHI,2020-13,1.597605402268266
R,CA_FRS,IL_CHI,2020-14,1.6179727641706907
R,CA_FRS,IL_CHI,2020-15,1.6246311880969309
R,CA_FRS,IL_CHI,2020-16,1.6348021046456558
R,CA_FRS,IL_CHI,2020-17,1.754427227729509
R,CA_FRS,IL_CHI,2020-18,1.930884585526906
R,CA_FRS,IL_CHI,2020-19,1.9437682779721033
R,CA_FRS,IL_CHI,2020-20,2.138671812567858
R,CA_FRS,IL_CHI,2020-21,2.1329893688922428
R,CA_FRS,IL_CHI,2020-22,2.1243470662421293
R,CA_FRS,IL_CHI,2020-23,2.072462057714406
R,CA_FRS,IL_CHI,2020-24,2.082012768318635
R,CA_FRS,IL_CHI,2020-25,2.0780675721733317
R,CA_FRS,IL_CHI,2020-26,2.089674839915366
R,CA_FRS,IL_CHI,2020-27,2.062370105662917
R,CA_FRS,IL_CHI,2020-28,2.0943054163451578
R,CA_FRS,IL_CHI,2020-29,2.204175226079131
R,CA_FRS,IL_CHI,2020-30,2.2356862988925545
R,CA_FRS,IL_CHI,2020-31,2.1733978198811816
R,CA_FRS,IL_CHI,2020-32,2.1334937415302413
R,CA_FRS,IL_CHI,2020-33,2.107996249966514
R,CA_FRS,IL_CHI,2020-34,2.092221000306749
R,CA_FRS,IL_CHI,2020-35,2.1460605066293734
R,CA_FRS,IL_CHI,2020-36,2.139121450169758
R,CA_FRS,IL_CHI,2020-37,2.115703737761588
R,CA_FRS,IL_CHI,2020-38,2.0645870362716394
R,CA_FRS,IL_CHI,2020-39,2.1522774292192537
R,CA_FRS,IL_CHI,2020-40,2.131431314276761
R,CA_FRS,IL_CHI,2020-41,2.2220236295478153
R,CA_FRS,IL_CHI,2020-42,2.3681821076717657
R,CA_FRS,IL_CHI,2020-43,2.2671568478241433
R,CA_FRS,IL_CHI,2020-44,2.286261642919869
R,CA_FRS,IL_CHI,2020-45,2.379539962227562
R,CA_FRS,IL_CHI,2020-46,2.4579093248045187
R,CA_FRS,IL_CHI,2020-47,2.3326818053132206
R,CA_FRS,IL_CHI,2020-48,2.1971721239308333
R,CA_FRS,IL_CHI,2020-49,2.1609509610901387
R,CA_FRS,IL_CHI,2020-50,2.1055822832054605
R,CA_FRS,IL_CHI,2020-51,2.1250960917290067
R,CA_FRS,IL_CHI,2021-00,2.122387160648858
R,CA_FRS,IL_CHI,2021-01,2.081139768404512
R,CA_FRS,IL_CHI,2021-02,2.0803535261383206
R,CA_FRS,IL_CHI,2021-03,1.950823745402507
R,CA_FRS,IL_CHI,2021-04,2.0021374016451947
R,CA_FRS,IL_CHI,2021-05,1.9757794478160675
R,CA_FRS,IL_CHI,2021-06,1.977317029303462
R,CA_FRS,IL_CHI,2021-07,2.0733382666973044
R,CA_FRS,IL_CHI,2021-08,2.200157233322999
R,CA_FRS,IL_CHI,2021-09,2.3386749685180885
R,CA_FRS,IL_CHI,2021-10,2.5118650383577856
R,CA_FRS,IL_CHI,2021-11,2.4959051256910145
R,CA_FRS,IL_CHI,2021-12,2.546230403439126
R,CA_FRS,IL_CHI,2021-13,2.6255556811872376
R,CA_FRS,IL_CHI,2021-14,2.5714809589353496
R,CA_FRS,IL_CHI,2021-15,2.7088062366834613
R,CA_FRS,IL_CHI,2021-16,2.753331514431573
R,CA_FRS,IL_CHI,2021-17,2.716656792179685
R,CA_FRS,IL_CHI,2021-18,3.045382069927797
R,CA_FRS,IL_CHI,2021-19,2.9565073476759087
R,CA_FRS,IL_CHI,2021-20,3.012632625424021
R,CA_FRS,IL_CHI,2021-21,3.126757903172132
R,CA_FRS,IL_CHI,2021-22,3.1074831809202443
R,CA_FRS,IL_CHI,2021-23,3.1984084586683563
R,CA_FRS,IL_CHI,2021-24,3.097933736416468
R,CA_FRS,IL_CHI,2021-25,3.10185901416458
R,CA_FRS,IL_CHI,2021-26,3.1521842919126914
R,CA_FRS,MA_BOS,2017-06,1.653512285771561
R,CA_FRS,MA_BOS,2017-07,1.58976726917777
R,CA_FRS,MA_BOS,2017-10,1.5864082038665503
R,CA_FRS,MA_BOS,2017-11,1.6898985287103103
R,CA_FRS,MA_BOS,2017-12,1.7093875048375609
R,CA_FRS,MA_BOS,2017-13,1.7712406576837596
R,CA_FRS,MA_BOS,2017-14,1.817488088693768
R,CA_FRS,MA_BOS,2017-15,1.995941086769449
R,CA_FRS,MA_BOS,2017-16,1.9722486983932854
R,CA_FRS,MA_BOS,2017-17,1.8977453761495093
R,CA_FRS,MA_BOS,2017-18,2.0052945100750277
R,CA_FRS,MA_BOS,2017-19,1.983641324557298
R,CA_FRS,MA_BOS,2017-20,2.1154469782711094
R,CA_FRS,MA_BOS,2017-21,2.292742443210532
R,CA_FRS,MA_BOS,2017-22,2.32232356549881
R,CA_FRS,MA_BOS,2017-23,2.397922689056029
R,CA_FRS,MA_BOS,2017-25,2.1331914452599277
R,CA_FRS,MA_BOS,2017-26,2.1741058902553894
R,CA_FRS,MA_BOS,2017-27,2.152503314028523
R,CA_FRS,MA_BOS,2017-28,2.065339640306307
R,CA_FRS,MA_BOS,2017-29,1.9861430437670868
R,CA_FRS,MA_BOS,2017-30,1.954223248964111
R,CA_FRS,MA_BOS,2017-31,1.9324435949581136
R,CA_FRS,MA_BOS,2017-32,1.9258306298685715
R,CA_FRS,MA_BOS,2017-34,1.8941762189114135
R,CA_FRS,MA_BOS,2017-35,1.9112320905792315
R,CA_FRS,MA_BOS,2017-36,1.909398427395719
R,CA_FRS,MA_BOS,2017-38,1.9401651560961448
R,CA_FRS,MA_BOS,2017-39,1.9667491222965467
R,CA_FRS,MA_BOS,2017-40,2.187136903999986
R,CA_FRS,MA_BOS,2017-41,1.9735848515307977
R,CA_FRS,MA_BOS,2017-42,1.9603203906300362
R,CA_FRS,MA_BOS,2017-43,1.9769807780977278
R,CA_FRS,MA_BOS,2017-44,2.197903600994035
R,CA_FRS,MA_BOS,2017-45,2.231299024471658
R,CA_FRS,MA_BOS,2017-46,2.3742996452832457
R,CA_FRS,MA_BOS,2017-47,2.362965181673574
R,CA_FRS,MA_BOS,2017-49,2.3048734388305343
R,CA_FRS,MA_BOS,2017-50,2.3133291076323843
R,CA_FRS,MA_BOS,2017-52,2.796298763173105
R,CA_FRS,MA_BOS,2018-04,2.1227843724186695
R,CA_FRS,MA_BOS,2018-05,1.967381451003975
R,CA_FRS,MA_BOS,2018-06,2.0158391969340856
R,CA_FRS,MA_BOS,2018-08,2.026046382612764
R,CA_FRS,MA_BOS,2018-11,2.122093190618841
R,CA_FRS,MA_BOS,2018-12,2.1538498140649143
R,CA_FRS,MA_BOS,2018-13,2.207198927228945
R,CA_FRS,MA_BOS,2018-14,2.253733207159633
R,CA_FRS,MA_BOS,2018-15,2.3228595580176714
R,CA_FRS,MA_BOS,2018-16,2.3936095554545678
R,CA_FRS,MA_BOS,2018-17,2.4162265701476833
R,CA_FRS,MA_BOS,2018-18,2.3923662914927584
R,CA_FRS,MA_BOS,2018-19,2.4016545248956485
R,CA_FRS,MA_BOS,2018-20,2.62583817310152
R,CA_FRS,MA_BOS,2018-21,2.685500158131958
R,CA_FRS,MA_BOS,2018-22,2.9399297569937235
R,CA_FRS,MA_BOS,2018-23,2.86831475232783
R,CA_FRS,MA_BOS,2018-24,2.732100600051048
R,CA_FRS,MA_BOS,2018-25,2.780055230562409
R,CA_FRS,MA_BOS,2018-26,2.6432596262639363
R,CA_FRS,MA_BOS,2018-27,2.4718847912899693
R,CA_FRS,MA_BOS,2018-28,2.5035299591471643
R,CA_FRS,MA_BOS,2018-29,2.447075258936411
R,CA_FRS,MA_BOS,2018-30,2.3989188513850594
R,CA_FRS,MA_BOS,2018-31,2.3633203286554205
R,CA_FRS,MA_BOS,2018-33,2.3158775258810347
R,CA_FRS,MA_BOS,2018-34,2.3673103004356646
R,CA_FRS,MA_BOS,2018-35,2.3157636819557252
R,CA_FRS,MA_BOS,2018-36,2.279697090686662
R,CA_FRS,MA_BOS,2018-37,2.342518790821437
R,CA_FRS,MA_BOS,2018-38,2.295671321993807
R,CA_FRS,MA_BOS,2018-39,2.2421500790490363
R,CA_FRS,MA_BOS,2018-40,2.247161491680837
R,CA_FRS,MA_BOS,2018-41,2.179326526999513
R,CA_FRS,MA_BOS,2018-42,2.220281566218775
R,CA_FRS,MA_BOS,2018-43,2.2298331118982104
R,CA_FRS,MA_BOS,2018-44,2.4584893870260838
R,CA_FRS,MA_BOS,2018-45,2.635831363436883
R,CA_FRS,MA_BOS,2018-46,2.458740109632691
R,CA_FRS,MA_BOS,2018-47,2.247653616755213
R,CA_FRS,MA_BOS,2018-48,2.1731328923650253
R,CA_FRS,MA_BOS,2018-50,2.1830105883174573
R,CA_FRS,MA_BOS,2019-00,2.2878953932197437
R,CA_FRS,MA_BOS,2019-01,2.1549719527346967
R,CA_FRS,MA_BOS,2019-04,1.7824561669036147
R,CA_FRS,MA_BOS,2019-05,1.7177975276852526
R,CA_FRS,MA_BOS,2019-05,1.7119975276852526
R,CA_FRS,MA_BOS,2019-07,1.6827423367644503
R,CA_FRS,MA_BOS,2019-08,1.8313098021834282
R,CA_FRS,MA_BOS,2019-10,1.7517003525188612
R,CA_FRS,MA_BOS,2019-11,1.7865068174354084
R,CA_FRS,MA_BOS,2019-12,1.8056441326258863
R,CA_FRS,MA_BOS,2019-13,1.8039837261446958
R,CA_FRS,MA_BOS,2019-14,1.9154798832656086
R,CA_FRS,MA_BOS,2019-15,2.0202182959345345
R,CA_FRS,MA_BOS,2019-16,2.037418014822073
R,CA_FRS,MA_BOS,2019-17,2.036919535395559
R,CA_FRS,MA_BOS,2019-18,1.9947234829309177
R,CA_FRS,MA_BOS,2019-19,2.0023773205818767
R,CA_FRS,MA_BOS,2019-20,2.0151993586734185
R,CA_FRS,MA_BOS,2019-22,2.164504563791032
R,CA_FRS,MA_BOS,2019-23,2.2343634173782743
R,CA_FRS,MA_BOS,2019-24,2.183232999558872
R,CA_FRS,MA_BOS,2019-25,2.2422086719616425
R,CA_FRS,MA_BOS,2019-26,2.2152784772175735
R,CA_FRS,MA_BOS,2019-27,2.1521827096547272
R,CA_FRS,MA_BOS,2019-28,2.0855772871163967
R,CA_FRS,MA_BOS,2019-29,2.0706968649029323
R,CA_FRS,MA_BOS,2019-30,2.0425039134940293
R,CA_FRS,MA_BOS,2019-31,1.9885308964013557
R,CA_FRS,MA_BOS,2019-32,1.9856514056341321
R,CA_FRS,MA_BOS,2019-33,1.9416710405250968
R,CA_FRS,MA_BOS,2019-34,1.9633927601336407
R,CA_FRS,MA_BOS,2019-35,1.9911775804603922
R,CA_FRS,MA_BOS,2019-36,2.0043204273289668
R,CA_FRS,MA_BOS,2019-37,1.9833983794552856
R,CA_FRS,MA_BOS,2019-38,1.9063580917386718
R,CA_FRS,MA_BOS,2019-39,1.8964095839922681
R,CA_FRS,MA_BOS,2019-40,1.8820665498113596
R,CA_FRS,MA_BOS,2019-41,1.8491660236357828
R,CA_FRS,MA_BOS,2019-42,1.8429775313228844
R,CA_FRS,MA_BOS,2019-43,1.8930612077705107
R,CA_FRS,MA_BOS,2019-44,1.8824467040893245
R,CA_FRS,MA_BOS,2019-45,1.966835148692831
R,CA_FRS,MA_BOS,2019-46,2.1322645984449964
R,CA_FRS,MA_BOS,2019-47,2.0319695760597507
R,CA_FRS,MA_BOS,2019-49,1.9469621716631234
R,CA_FRS,MA_BOS,2020-00,2.2212298331810674
R,CA_FRS,MA_BOS,2020-01,2.012197170146599
R,CA_FRS,MA_BOS,2020-02,1.9684935111954176
R,CA_FRS,MA_BOS,2020-03,1.858132295617866
R,CA_FRS,MA_BOS,2020-04,1.8068476236472457
R,CA_FRS,MA_BOS,2020-05,1.7271122317742127
R,CA_FRS,MA_BOS,2020-06,1.6151290581635487
R,CA_FRS,MA_BOS,2020-07,1.6358073725431095
R,CA_FRS,MA_BOS,2020-08,1.6688038446582003
R,CA_FRS,MA_BOS,2020-09,1.6950151190289158
R,CA_FRS,MA_BOS,2020-10,1.8234815868334473
R,CA_FRS,MA_BOS,2020-11,1.9802551538496223
R,CA_FRS,MA_BOS,2020-12,1.9451216890822636
R,CA_FRS,MA_BOS,2020-13,1.891331209590522
R,CA_FRS,MA_BOS,2020-14,1.8018161795573682
R,CA_FRS,MA_BOS,2020-15,1.733792731891818
R,CA_FRS,MA_BOS,2020-16,1.7788148645974613
R,CA_FRS,MA_BOS,2020-17,1.9167118300660175
R,CA_FRS,MA_BOS,2020-18,2.1419860743023555
R,CA_FRS,MA_BOS,2020-19,2.314393949800444
R,CA_FRS,MA_BOS,2020-20,2.471193969735705
R,CA_FRS,MA_BOS,2020-21,2.439330488411561
R,CA_FRS,MA_BOS,2020-22,2.3919185831155083
R,CA_FRS,MA_BOS,2020-23,2.3833720061276273
R,CA_FRS,MA_BOS,2020-24,2.3190346355725016
R,CA_FRS,MA_BOS,2020-25,2.3859860928485235
R,CA_FRS,MA_BOS,2020-27,2.4674219272824898
R,CA_FRS,MA_BOS,2020-28,2.4281570636195093
R,CA_FRS,MA_BOS,2020-29,2.4855347546638815
R,CA_FRS,MA_BOS,2020-30,2.5351652949164594
R,CA_FRS,MA_BOS,2020-31,2.59543027337346
R,CA_FRS,MA_BOS,2020-32,2.5445267393112356
R,CA_FRS,MA_BOS,2020-33,2.590052070192084
R,CA_FRS,MA_BOS,2020-34,2.572100117949396
R,CA_FRS,MA_BOS,2020-35,2.6977651917563756
R,CA_FRS,MA_BOS,2020-36,2.5036745842795507
R,CA_FRS,MA_BOS,2020-37,2.6320267366253667
R,CA_FRS,MA_BOS,2020-38,2.659766800722296
R,CA_FRS,MA_BOS,2020-39,2.6522727667681503
R,CA_FRS,MA_BOS,2020-40,2.618665387973092
R,CA_FRS,MA_BOS,2020-41,2.612504838230486
R,CA_FRS,MA_BOS,2020-42,2.591772493865908
R,CA_FRS,MA_BOS,2020-43,2.5472753569009696
R,CA_FRS,MA_BOS,2020-44,2.8258846067410364
R,CA_FRS,MA_BOS,2020-45,2.837419612040372
R,CA_FRS,MA_BOS,2020-46,2.906691943195794
R,CA_FRS,MA_BOS,2020-47,2.742150033403468
R,CA_FRS,MA_BOS,2020-48,2.636460074371058
R,CA_FRS,MA_BOS,2020-49,2.5939155998928594
R,CA_FRS,MA_BOS,2020-50,2.597612752181703
R,CA_FRS,MA_BOS,2020-51,2.6503006793278994
R,CA_FRS,MA_BOS,2021-00,2.741858550125942
R,CA_FRS,MA_BOS,2021-01,2.567129507658022
R,CA_FRS,MA_BOS,2021-02,2.521569635859284
R,CA_FRS,MA_BOS,2021-03,2.276462144318317
R,CA_FRS,MA_BOS,2021-04,2.1577888277975537
R,CA_FRS,MA_BOS,2021-05,2.197734875242769
R,CA_FRS,MA_BOS,2021-07,2.6382054177472045
R,CA_FRS,MA_BOS,2021-08,2.7675534010956
R,CA_FRS,MA_BOS,2021-09,2.6297702258479454
R,CA_FRS,MA_BOS,2021-12,2.6039676354896626
R,CA_FRS,MA_BOS,2021-13,2.762593564390837
R,CA_FRS,MA_BOS,2021-14,2.793619493292011
R,CA_FRS,MA_BOS,2021-15,2.731845422193185
R,CA_FRS,MA_BOS,2021-16,2.8150713510943595
R,CA_FRS,MA_BOS,2021-17,2.8576972799955334
R,CA_FRS,MA_BOS,2021-18,3.0859232088967077
R,CA_FRS,MA_BOS,2021-19,3.041549137797882
R,CA_FRS,MA_BOS,2021-20,3.147975066699056
R,CA_FRS,MA_BOS,2021-21,3.2312009956002297
R,CA_FRS,MA_BOS,2021-22,3.215826924501404
R,CA_FRS,MA_BOS,2021-23,3.2352528534025784
R,CA_FRS,MA_BOS,2021-24,3.2372787823037523
R,CA_FRS,MA_BOS,2021-25,3.175504711204926
R,CA_FRS,MA_BOS,2021-26,3.339930640106101
V,CA_FRS,IL_CHI,2017-02,1.114482311985247
V,CA_FRS,IL_CHI,2017-03,1.1385961455138538
V,CA_FRS,IL_CHI,2017-04,1.1341800509129887
V,CA_FRS,IL_CHI,2017-05,1.1365979068147314
V,CA_FRS,IL_CHI,2017-06,1.1293701763660542
V,CA_FRS,IL_CHI,2017-08,1.1154301908992914
V,CA_FRS,IL_CHI,2017-09,1.0714066662705055
V,CA_FRS,IL_CHI,2017-10,1.128109361243145
V,CA_FRS,IL_CHI,2017-11,1.0949781175239013
V,CA_FRS,IL_CHI,2017-12,1.068187832035706
V,CA_FRS,IL_CHI,2017-13,1.0685202568999441
V,CA_FRS,IL_CHI,2017-14,1.075648813691323
V,CA_FRS,IL_CHI,2017-15,1.0520827975912839
V,CA_FRS,IL_CHI,2017-17,1.0937766567760105
V,CA_FRS,IL_CHI,2017-19,1.1432876994700751
V,CA_FRS,IL_CHI,2017-20,1.145099228089486
V,CA_FRS,IL_CHI,2017-22,1.1338631304581275
V,CA_FRS,IL_CHI,2017-24,1.1031802390324648
V,CA_FRS,IL_CHI,2017-25,1.1627298255827525
V,CA_FRS,IL_CHI,2017-26,1.1895513108186746
V,CA_FRS,IL_CHI,2017-27,1.215873125488814
V,CA_FRS,IL_CHI,2017-28,1.1751820879554966
V,CA_FRS,IL_CHI,2017-29,1.1765282108190467
V,CA_FRS,IL_CHI,2017-30,1.1818786967225794
V,CA_FRS,IL_CHI,2017-31,1.1675148575045031
V,CA_FRS,IL_CHI,2017-32,1.11558985666811
V,CA_FRS,IL_CHI,2017-34,1.1774832571325433
V,CA_FRS,IL_CHI,2017-35,1.231856517862694
V,CA_FRS,IL_CHI,2017-36,1.1791676356592096
V,CA_FRS,IL_CHI,2017-38,1.2677917489246395
V,CA_FRS,IL_CHI,2017-39,1.2059785655738535
V,CA_FRS,IL_CHI,2017-40,1.2176004360667028
V,CA_FRS,IL_CHI,2017-41,1.3153310000021639
V,CA_FRS,IL_CHI,2017-42,1.2976553445906793
V,CA_FRS,IL_CHI,2017-43,1.3945610620789926
V,CA_FRS,IL_CHI,2017-44,1.4046598054787442
V,CA_FRS,IL_CHI,2017-45,1.4996316161848284
V,CA_FRS,IL_CHI,2017-46,1.5873208322835595
V,CA_FRS,IL_CHI,2017-47,1.4710789977096255
V,CA_FRS,IL_CHI,2017-48,1.5871327924890652
V,CA_FRS,IL_CHI,2017-49,1.5391802085765836
V,CA_FRS,IL_CHI,2017-50,1.5090980964160965
V,CA_FRS,IL_CHI,2017-51,1.5373233164900229
V,CA_FRS,IL_CHI,2017-52,1.6678788312147246
V,CA_FRS,IL_CHI,2018-00,1.525859628083887
V,CA_FRS,IL_CHI,2018-01,1.4449369897330144
V,CA_FRS,IL_CHI,2018-02,1.3538142545016472
V,CA_FRS,IL_CHI,2018-03,1.3374585229220064
V,CA_FRS,IL_CHI,2018-04,1.2426562337365947
V,CA_FRS,IL_CHI,2018-05,1.2070345076288893
V,CA_FRS,IL_CHI,2018-06,1.1396823160919345
V,CA_FRS,IL_CHI,2018-07,1.1315011740981342
V,CA_FRS,IL_CHI,2018-08,1.1813520773498978
V,CA_FRS,IL_CHI,2018-09,1.130249302149113
V,CA_FRS,IL_CHI,2018-11,1.1195807041637855
V,CA_FRS,IL_CHI,2018-12,1.187737701161159
V,CA_FRS,IL_CHI,2018-13,1.197136823056805
V,CA_FRS,IL_CHI,2018-14,1.226073893311195
V,CA_FRS,IL_CHI,2018-16,1.2319440059792548
V,CA_FRS,IL_CHI,2018-17,1.2276275648877757
V,CA_FRS,IL_CHI,2018-18,1.3491037142879723
V,CA_FRS,IL_CHI,2018-19,1.22998852416055
V,CA_FRS,IL_CHI,2018-20,1.2715337595441774
V,CA_FRS,IL_CHI,2018-21,1.431991272961201
V,CA_FRS,IL_CHI,2018-22,1.3583840016410482
V,CA_FRS,IL_CHI,2018-23,1.524534202687596
V,CA_FRS,IL_CHI,2018-24,1.5742770522490483
V,CA_FRS,IL_CHI,2018-25,1.5287609719457707
V,CA_FRS,IL_CHI,2018-26,1.5098779240570965
V,CA_FRS,IL_CHI,2018-27,1.530692548781861
V,CA_FRS,IL_CHI,2018-28,1.5170268355483665
V,CA_FRS,IL_CHI,2018-29,1.4461017275753074
V,CA_FRS,IL_CHI,2018-30,1.4495188106316321
V,CA_FRS,IL_CHI,2018-31,1.402027521618959
V,CA_FRS,IL_CHI,2018-32,1.4214548775659932
V,CA_FRS,IL_CHI,2018-33,1.4633837222717525
V,CA_FRS,IL_CHI,2018-34,1.4513380623388394
V,CA_FRS,IL_CHI,2018-35,1.437704270602993
V,CA_FRS,IL_CHI,2018-36,1.4690149987240633
V,CA_FRS,IL_CHI,2018-37,1.4534940482068497
V,CA_FRS,IL_CHI,2018-38,1.5212745821673193
V,CA_FRS,IL_CHI,2018-39,1.5572234521326551
V,CA_FRS,IL_CHI,2018-40,1.5400630806496212
V,CA_FRS,IL_CHI,2018-41,1.576072628282028
V,CA_FRS,IL_CHI,2018-42,1.4994845033217037
V,CA_FRS,IL_CHI,2018-43,1.55613437346341
V,CA_FRS,IL_CHI,2018-44,1.571528549327897
V,CA_FRS,IL_CHI,2018-45,1.7616036618271058
V,CA_FRS,IL_CHI,2018-46,1.7337706956533872
V,CA_FRS,IL_CHI,2018-47,1.6567644788134044
V,CA_FRS,IL_CHI,2018-48,1.5730177211156056
V,CA_FRS,IL_CHI,2018-49,1.5962051057334463
V,CA_FRS,IL_CHI,2018-50,1.5440422956453907
V,CA_FRS,IL_CHI,2018-51,1.5438974897460267
V,CA_FRS,IL_CHI,2019-00,1.5129013612924456
V,CA_FRS,IL_CHI,2019-01,1.4867745675150814
V,CA_FRS,IL_CHI,2019-02,1.4067180667167256
V,CA_FRS,IL_CHI,2019-03,1.2960193166135257
V,CA_FRS,IL_CHI,2019-04,1.2347081060630662
V,CA_FRS,IL_CHI,2019-05,1.1992690357438354
V,CA_FRS,IL_CHI,2019-05,1.2398690357438353
V,CA_FRS,IL_CHI,2019-06,1.1900099987442085
V,CA_FRS,IL_CHI,2019-07,1.164084947247639
V,CA_FRS,IL_CHI,2019-08,1.1483805578737645
V,CA_FRS,IL_CHI,2019-09,1.1964501649404722
V,CA_FRS,IL_CHI,2019-10,1.1724117594357966
V,CA_FRS,IL_CHI,2019-11,1.1361112532997844
V,CA_FRS,IL_CHI,2019-12,1.1230146949719608
V,CA_FRS,IL_CHI,2019-13,1.1757546439108766
V,CA_FRS,IL_CHI,2019-14,1.158810797435398
V,CA_FRS,IL_CHI,2019-15,1.1839221286962542
V,CA_FRS,IL_CHI,2019-16,1.1980254041957452
V,CA_FRS,IL_CHI,2019-17,1.2008802493963118
V,CA_FRS,IL_CHI,2019-18,1.2304421159582941
V,CA_FRS,IL_CHI,2019-19,1.186438437607807
V,CA_FRS,IL_CHI,2019-20,1.161497566804311
V,CA_FRS,IL_CHI,2019-21,1.2228844084655568
V,CA_FRS,IL_CHI,2019-22,1.2100812763536335
V,CA_FRS,IL_CHI,2019-23,1.1954658361786923
V,CA_FRS,IL_CHI,2019-24,1.2888117470885927
V,CA_FRS,IL_CHI,2019-25,1.2764609162078342
V,CA_FRS,IL_CHI,2019-26,1.218199470740939
V,CA_FRS,IL_CHI,2019-27,1.218908683518015
V,CA_FRS,IL_CHI,2019-28,1.271399572348227
V,CA_FRS,IL_CHI,2019-29,1.299993729804973
V,CA_FRS,IL_CHI,2019-30,1.2335915098855832
V,CA_FRS,IL_CHI,2019-31,1.2801773415402546
V,CA_FRS,IL_CHI,2019-32,1.2627582200908436
V,CA_FRS,IL_CHI,2019-33,1.2475593393593674
V,CA_FRS,IL_CHI,2019-34,1.2515747056170776
V,CA_FRS,IL_CHI,2019-35,1.2691870696051164
V,CA_FRS,IL_CHI,2019-36,1.2899703615978675
V,CA_FRS,IL_CHI,2019-37,1.2356782343663613
V,CA_FRS,IL_CHI,2019-38,1.294402075626278
V,CA_FRS,IL_CHI,2019-39,1.3048459007819933
V,CA_FRS,IL_CHI,2019-40,1.2811938060726602
V,CA_FRS,IL_CHI,2019-41,1.3721861037558758
V,CA_FRS,IL_CHI,2019-42,1.328348520001008
V,CA_FRS,IL_CHI,2019-43,1.2755380441257225
V,CA_FRS,IL_CHI,2019-44,1.2874974817073186
V,CA_FRS,IL_CHI,2019-45,1.24594983579397
V,CA_FRS,IL_CHI,2019-46,1.2993298126524833
V,CA_FRS,IL_CHI,2019-47,1.323959827781581
V,CA_FRS,IL_CHI,2019-49,1.2825768585238522
V,CA_FRS,IL_CHI,2019-50,1.313288303242469
V,CA_FRS,IL_CHI,2019-51,1.3407461966299792
V,CA_FRS,IL_CHI,2020-00,1.2505625995241776
V,CA_FRS,IL_CHI,2020-01,1.2471998846608252
V,CA_FRS,IL_CHI,2020-02,1.319557614268619
V,CA_FRS,IL_CHI,2020-03,1.3106841040886301
V,CA_FRS,IL_CHI,2020-04,1.1836664441973455
V,CA_FRS,IL_CHI,2020-05,1.1985211992366844
V,CA_FRS,IL_CHI,2020-06,1.1052599191502022
V,CA_FRS,IL_CHI,2020-07,1.114668692606498
V,CA_FRS,IL_CHI,2020-08,1.1052431007995427
V,CA_FRS,IL_CHI,2020-09,1.1060484666336432
V,CA_FRS,IL_CHI,2020-10,1.1363108118965488
V,CA_FRS,IL_CHI,2020-11,1.2168591425818973
V,CA_FRS,IL_CHI,2020-12,1.247902376328762
V,CA_FRS,IL_CHI,2020-13,1.2375728669207338
V,CA_FRS,IL_CHI,2020-14,1.1120094650618166
V,CA_FRS,IL_CHI,2020-15,1.1657579600392263
V,CA_FRS,IL_CHI,2020-16,1.0686599533099055
V,CA_FRS,IL_CHI,2020-17,1.0005991812775559
V,CA_FRS,IL_CHI,2020-18,1.0932321279873287
V,CA_FRS,IL_CHI,2020-19,1.2629862941661174
V,CA_FRS,IL_CHI,2020-20,1.4823593191569056
V,CA_FRS,IL_CHI,2020-21,1.4826962741772616
V,CA_FRS,IL_CHI,2020-22,1.4196646238480541
V,CA_FRS,IL_CHI,2020-23,1.389394568736124
V,CA_FRS,IL_CHI,2020-24,1.4522818877177353
V,CA_FRS,IL_CHI,2020-25,1.4206491673004478
V,CA_FRS,IL_CHI,2020-26,1.4847159377624148
V,CA_FRS,IL_CHI,2020-27,1.5683328296021386
V,CA_FRS,IL_CHI,2020-28,1.5773604476776386
V,CA_FRS,IL_CHI,2020-29,1.6753332323382335
V,CA_FRS,IL_CHI,2020-30,1.7596896754798848
V,CA_FRS,IL_CHI,2020-31,1.6853209256551862
V,CA_FRS,IL_CHI,2020-32,1.7986645800041752
V,CA_FRS,IL_CHI,2020-33,1.8278870633639093
V,CA_FRS,IL_CHI,2020-34,1.8634215482771195
V,CA_FRS,IL_CHI,2020-35,1.9598206858876341
V,CA_FRS,IL_CHI,2020-36,1.7607195755266303
V,CA_FRS,IL_CHI,2020-37,1.997583079624846
V,CA_FRS,IL_CHI,2020-38,1.8975833929717396
V,CA_FRS,IL_CHI,2020-39,1.9558754030203724
V,CA_FRS,IL_CHI,2020-40,2.0074826174499916
V,CA_FRS,IL_CHI,2020-41,1.8861228090484332
V,CA_FRS,IL_CHI,2020-42,1.9293743893322552
V,CA_FRS,IL_CHI,2020-43,1.973924944583693
V,CA_FRS,IL_CHI,2020-44,2.0207629963915856
V,CA_FRS,IL_CHI,2020-45,2.08266269449181
V,CA_FRS,IL_CHI,2020-46,2.276937380196129
V,CA_FRS,IL_CHI,2020-47,2.1575786305063116
V,CA_FRS,IL_CHI,2020-48,2.252996753469221
V,CA_FRS,IL_CHI,2020-49,2.087722250086485
V,CA_FRS,IL_CHI,2020-50,1.885176675949738
V,CA_FRS,IL_CHI,2020-51,2.0147782037329094
V,CA_FRS,IL_CHI,2021-00,1.8318733109562149
V,CA_FRS,IL_CHI,2021-01,1.8214545290225874
V,CA_FRS,IL_CHI,2021-02,1.764321455679845
V,CA_FRS,IL_CHI,2021-03,1.7679439421209113
V,CA_FRS,IL_CHI,2021-04,1.5830815647893588
V,CA_FRS,IL_CHI,2021-05,1.5986384769047361
V,CA_FRS,IL_CHI,2021-06,1.5037467655037478
V,CA_FRS,IL_CHI,2021-07,1.6631338381947518
V,CA_FRS,IL_CHI,2021-08,1.9425172097019578
V,CA_FRS,IL_CHI,2021-09,2.0476277451252405
V,CA_FRS,IL_CHI,2021-10,2.178388067594825
V,CA_FRS,IL_CHI,2021-11,2.044467432622432
V,CA_FRS,IL_CHI,2021-12,2.0623368652449554
V,CA_FRS,IL_CHI,2021-13,2.190406297867479
V,CA_FRS,IL_CHI,2021-14,2.0922757304900026
V,CA_FRS,IL_CHI,2021-15,2.150745163112526
V,CA_FRS,IL_CHI,2021-16,2.1048145957350495
V,CA_FRS,IL_CHI,2021-17,2.082084028357573
V,CA_FRS,IL_CHI,2021-18,2.2739534609800964
V,CA_FRS,IL_CHI,2021-19,2.28022289360262
V,CA_FRS,IL_CHI,2021-20,2.2690923262251435
V,CA_FRS,IL_CHI,2021-21,2.1999617588476665
V,CA_FRS,IL_CHI,2021-22,2.1076311914701904
V,CA_FRS,IL_CHI,2021-23,2.195100624092714
V,CA_FRS,IL_CHI,2021-24,2.2013700567152372
V,CA_FRS,IL_CHI,2021-25,2.2772394893377608
V,CA_FRS,IL_CHI,2021-26,2.2081089219602843
V,CA_FRS,MA_BOS,2017-34,1.5225652430490277
V,CA_FRS,MA_BOS,2018-47,2.01105379846559
V,CA_FRS,MA_BOS,2019-16,1.4029407293546061
V,CA_FRS,MA_BOS,2019-25,1.7709533029037035
V,CA_FRS,MA_BOS,2019-38,1.6776959993704073
V,CA_FRS,MA_BOS,2020-15,1.3531083651401477
V,CA_FRS,MA_BOS,2020-21,1.8622518136059916
V,CA_FRS,MA_BOS,2020-24,1.7120861039684454
V,CA_FRS,MA_BOS,2020-26,1.8986493009044962
V,CA_FRS,MA_BOS,2020-27,2.024895783947287
V,CA_FRS,MA_BOS,2020-28,2.147568254132987
V,CA_FRS,MA_BOS,2020-39,2.6052739128173927
V,CA_FRS,MA_BOS,2020-48,2.5658223639215114
V,CA_FRS,MA_BOS,2020-49,2.568574976643312
V,CA_FRS,MA_BOS,2021-00,2.5646095223125602
V,CA_FRS,MA_BOS,2021-08,2.6446571932451395
V,CA_FRS,MA_BOS,2021-14,2.590633692054461
V,CA_FRS,MA_BOS,2021-15,2.499466615067989
V,CA_FRS,MA_BOS,2021-17,2.549132461095046
V,CA_FRS,MA_BOS,2021-19,2.6451983071221026
V,CA_FRS,MA_BOS,2021-24,2.7171629221897446
